fd,seed,unit,bin,median_abs_s,n
FD001,0,88,0,0.5719142825259766,18
FD001,0,88,1,1.1873745918005876,18
FD001,0,88,2,0.7573887945960425,18
FD001,0,88,3,0.5746517633045719,19
FD001,0,88,4,1.1991986512404664,18
FD001,0,88,5,0.5807240292012201,18
FD001,0,88,6,0.3273208589372026,19
FD001,0,88,7,0.45407835578760136,18
FD001,0,88,8,0.10198464944200801,18
FD001,0,88,9,0.4190842993527139,19
FD001,0,37,0,0.38263316913075823,13
FD001,0,37,1,0.6675129166273952,14
FD001,0,37,2,0.23203061805190803,15
FD001,0,37,3,0.6575122270750601,13
FD001,0,37,4,1.2636091023196996,14
FD001,0,37,5,0.6046657063362549,15
FD001,0,37,6,1.4347309331675189,14
FD001,0,37,7,1.0325328666552944,13
FD001,0,37,8,0.26443427857996193,14
FD001,0,37,9,0.5918659188229982,15
FD001,0,22,0,0.2958411816690523,17
FD001,0,22,1,1.5625989411791632,17
FD001,0,22,2,1.0805483921713301,17
FD001,0,22,3,0.15730821109884882,17
FD001,0,22,4,0.4963648477686371,17
FD001,0,22,5,0.31502042382170126,18
FD001,0,22,6,0.34818962845799756,17
FD001,0,22,7,0.15084308680632844,17
FD001,0,22,8,0.3580316654340649,17
FD001,0,22,9,0.3228313361500841,18
FD001,0,84,0,0.430957416418497,23
FD001,0,84,1,0.5557941655915102,24
FD001,0,84,2,0.8524553394900136,24
FD001,0,84,3,0.7366821866375207,23
FD001,0,84,4,1.0199322372345887,24
FD001,0,84,5,1.4847703076072434,24
FD001,0,84,6,0.392905599785211,23
FD001,0,84,7,1.110288533622627,24
FD001,0,84,8,0.3539647770593274,24
FD001,0,84,9,0.4824539868308968,24
FD001,0,10,0,0.1920164050185695,19
FD001,0,10,1,0.15564544103315597,19
FD001,0,10,2,0.26928210948239556,19
FD001,0,10,3,0.5595565168057431,19
FD001,0,10,4,0.6487540406994534,19
FD001,0,10,5,0.2694481285767054,20
FD001,0,10,6,0.8592628576684528,19
FD001,0,10,7,1.1041956679404374,19
FD001,0,10,8,0.6580300418120615,19
FD001,0,10,9,1.1079289891665864,20
FD001,0,97,0,0.3743422786900741,17
FD001,0,97,1,0.4023008569276317,17
FD001,0,97,2,0.4732585947762012,17
FD001,0,97,3,0.6713782117315945,17
FD001,0,97,4,1.3449036528235228,17
FD001,0,97,5,1.49474949777512,18
FD001,0,97,6,1.639330522731138,17
FD001,0,97,7,0.5181171685312442,17
FD001,0,97,8,1.0245841302236554,17
FD001,0,97,9,0.26107829950155226,18
FD001,0,68,0,0.39800929676604185,16
FD001,0,68,1,0.8266657390942171,17
FD001,0,68,2,1.3388856791616577,17
FD001,0,68,3,0.25360346357825464,17
FD001,0,68,4,0.9394247193754713,17
FD001,0,68,5,0.18105930720601435,17
FD001,0,68,6,0.8629289200742797,17
FD001,0,68,7,0.8002782367459712,17
FD001,0,68,8,0.6185062541886953,17
FD001,0,68,9,0.39149596811516596,17
FD001,0,65,0,0.7025706340989246,12
FD001,0,65,1,1.8502539306643955,12
FD001,0,65,2,2.976064082460324,12
FD001,0,65,3,1.8106444497016596,13
FD001,0,65,4,1.504210177110838,12
FD001,0,65,5,1.869011244940718,12
FD001,0,65,6,0.4633844912994559,13
FD001,0,65,7,0.8171993993616691,12
FD001,0,65,8,1.4075727408235754,12
FD001,0,65,9,0.22905497012876413,13
FD001,0,48,0,0.43138675210248256,20
FD001,0,48,1,0.3303763929430332,20
FD001,0,48,2,0.5181658095300501,20
FD001,0,48,3,0.7719589936325206,20
FD001,0,48,4,0.8330163477276376,20
FD001,0,48,5,0.7381018013911056,20
FD001,0,48,6,0.5325989607355949,20
FD001,0,48,7,0.5032237696539983,20
FD001,0,48,8,0.2787755716280951,20
FD001,0,48,9,0.4279698007422063,21
FD001,0,45,0,0.4184697569073041,12
FD001,0,45,1,1.599751265273017,13
FD001,0,45,2,0.6191943062518841,13
FD001,0,45,3,1.9501336200850763,13
FD001,0,45,4,0.9387177003428641,12
FD001,0,45,5,0.4762666931509281,13
FD001,0,45,6,0.8753650467457462,13
FD001,0,45,7,1.0824530035192617,13
FD001,0,45,8,0.40541833589535303,13
FD001,0,45,9,0.23675116857964706,13
FD001,1,2,0,0.12529060517550172,25
FD001,1,2,1,0.16330249208426145,26
FD001,1,2,2,0.1487335611616496,26
FD001,1,2,3,0.25372034573541163,25
FD001,1,2,4,0.6668356807863329,26
FD001,1,2,5,0.615246891123663,26
FD001,1,2,6,0.672133581107042,25
FD001,1,2,7,0.5813689930450752,26
FD001,1,2,8,0.742274192080712,26
FD001,1,2,9,0.44550073922007577,26
FD001,1,17,0,0.3341116779214387,24
FD001,1,17,1,0.5230225771809806,25
FD001,1,17,2,0.48650298450563323,24
FD001,1,17,3,0.8609314546029577,25
FD001,1,17,4,1.3115370565820175,24
FD001,1,17,5,1.041378761141848,25
FD001,1,17,6,0.7174718704291877,25
FD001,1,17,7,0.6840912464769955,24
FD001,1,17,8,1.0197304385369035,25
FD001,1,17,9,0.3307318351962741,25
FD001,1,65,0,0.7024870794815681,12
FD001,1,65,1,1.8036005630176655,12
FD001,1,65,2,2.7002136113760256,12
FD001,1,65,3,2.182080954671316,13
FD001,1,65,4,2.012435581686205,12
FD001,1,65,5,2.4194443070086153,12
FD001,1,65,6,0.8457218562210306,13
FD001,1,65,7,1.1211167545795755,12
FD001,1,65,8,1.0495666602560587,12
FD001,1,65,9,0.16351347227036014,13
FD001,1,80,0,0.25857044455309414,15
FD001,1,80,1,0.5160714371396976,15
FD001,1,80,2,0.37203502249732934,16
FD001,1,80,3,0.25644424105809904,15
FD001,1,80,4,2.0360222710531164,16
FD001,1,80,5,1.2491715279906748,16
FD001,1,80,6,0.25488618207486985,15
FD001,1,80,7,1.02887396644608,15
FD001,1,80,8,0.6903628317463186,16
FD001,1,80,9,1.1253250225554603,16
FD001,1,6,0,0.18540883043313852,15
FD001,1,6,1,0.7531461766479726,16
FD001,1,6,2,0.481492053594315,16
FD001,1,6,3,0.5816814825379337,16
FD001,1,6,4,0.5057057973928327,15
FD001,1,6,5,1.676224092481801,16
FD001,1,6,6,1.3262342073565463,16
FD001,1,6,7,0.2537900735525584,16
FD001,1,6,8,0.736449370811142,16
FD001,1,6,9,0.3449037214814337,16
FD001,1,76,0,0.43271567758081253,17
FD001,1,76,1,0.8978402364462638,18
FD001,1,76,2,0.9621095475878054,19
FD001,1,76,3,0.32355473099223986,17
FD001,1,76,4,0.7161492135372884,18
FD001,1,76,5,0.22158298265249507,19
FD001,1,76,6,0.5562460091093504,18
FD001,1,76,7,0.21386376576311703,17
FD001,1,76,8,0.1347827711121508,18
FD001,1,76,9,0.2533623116623204,19
FD001,1,10,0,0.08981528279700093,19
FD001,1,10,1,0.10569443479060331,19
FD001,1,10,2,0.26912807181777565,19
FD001,1,10,3,0.4337024439692188,19
FD001,1,10,4,0.7487094476228129,19
FD001,1,10,5,0.49864092351027156,20
FD001,1,10,6,0.8971773525239808,19
FD001,1,10,7,0.618186831939047,19
FD001,1,10,8,0.6576361570107823,19
FD001,1,10,9,1.172160491421868,20
FD001,1,73,0,0.21877497817884878,18
FD001,1,73,1,1.2475520212607516,18
FD001,1,73,2,0.7308761420945457,18
FD001,1,73,3,0.5046961897801816,19
FD001,1,73,4,0.6234154729265409,18
FD001,1,73,5,1.098353120650805,18
FD001,1,73,6,0.3564311264217904,19
FD001,1,73,7,1.1111983064235624,18
FD001,1,73,8,1.5391784758954468,18
FD001,1,73,9,0.23518806821433452,19
FD001,1,13,0,0.2613483706804851,13
FD001,1,13,1,0.16255632054870678,13
FD001,1,13,2,0.9550825960924099,13
FD001,1,13,3,1.399907528945127,14
FD001,1,13,4,1.5495085459621694,13
FD001,1,13,5,1.4200310368333384,13
FD001,1,13,6,0.5383412183789826,14
FD001,1,13,7,1.3911754257547493,13
FD001,1,13,8,1.1901606656873878,13
FD001,1,13,9,0.9825153505935438,14
FD001,1,38,0,0.28156135269004035,16
FD001,1,38,1,0.6993869309676852,16
FD001,1,38,2,0.41750679934027257,17
FD001,1,38,3,0.48876599391977926,16
FD001,1,38,4,0.9463459619149408,16
FD001,1,38,5,1.7458266835458565,17
FD001,1,38,6,0.34296515906571123,16
FD001,1,38,7,0.5112976582430101,17
FD001,1,38,8,0.9675171237414026,16
FD001,1,38,9,0.7166783199091,17
FD001,2,50,0,0.593800588881011,16
FD001,2,50,1,0.4614721745064946,17
FD001,2,50,2,0.9520872520598481,17
FD001,2,50,3,0.3261446931556117,17
FD001,2,50,4,1.6197596133010077,16
FD001,2,50,5,1.6632156797806898,17
FD001,2,50,6,1.0813082756280203,17
FD001,2,50,7,1.211557784840618,17
FD001,2,50,8,0.502758120125642,17
FD001,2,50,9,0.3012812911125831,17
FD001,2,35,0,0.6542923538535212,15
FD001,2,35,1,0.4786116682551255,15
FD001,2,35,2,0.3888629307402443,15
FD001,2,35,3,1.2715810628434763,15
FD001,2,35,4,1.6500653531440062,15
FD001,2,35,5,0.7032544255394896,15
FD001,2,35,6,0.6201083929329868,15
FD001,2,35,7,0.2747881034746496,15
FD001,2,35,8,0.2835561150960409,15
FD001,2,35,9,0.9774240028809966,16
FD001,2,8,0,0.643496115071052,11
FD001,2,8,1,0.8073988630386644,12
FD001,2,8,2,1.399779920445372,13
FD001,2,8,3,1.0668045954868566,11
FD001,2,8,4,0.8139126301619113,12
FD001,2,8,5,0.8421724144528164,13
FD001,2,8,6,1.7524710513096853,12
FD001,2,8,7,1.4722367921064998,11
FD001,2,8,8,0.22858601071994125,12
FD001,2,8,9,0.9010176366166519,13
FD001,2,76,0,0.37407340079501994,17
FD001,2,76,1,0.5377302942420041,18
FD001,2,76,2,0.7347969522035253,19
FD001,2,76,3,0.2759678537506648,17
FD001,2,76,4,0.37861144879804276,18
FD001,2,76,5,0.323407611336504,19
FD001,2,76,6,0.34905712050467375,18
FD001,2,76,7,0.3196369675400954,17
FD001,2,76,8,0.16321187663818953,18
FD001,2,76,9,0.36058815226901825,19
FD001,2,83,0,0.12412067839996985,26
FD001,2,83,1,0.144114936210259,26
FD001,2,83,2,0.13097449737051253,26
FD001,2,83,3,0.2561977873361013,27
FD001,2,83,4,0.4485766754699806,26
FD001,2,83,5,0.49050799838864567,26
FD001,2,83,6,0.541087410278681,27
FD001,2,83,7,0.9671459000580243,26
FD001,2,83,8,0.8844495167733882,26
FD001,2,83,9,0.3710896976872876,27
FD001,2,44,0,0.4490365279118941,16
FD001,2,44,1,0.5693023899208189,16
FD001,2,44,2,0.3728961965278918,16
FD001,2,44,3,0.2621224719020625,16
FD001,2,44,4,0.5623193199266067,16
FD001,2,44,5,1.1544521463063175,17
FD001,2,44,6,1.727454552386975,16
FD001,2,44,7,0.5398617984115053,16
FD001,2,44,8,0.8950825440633634,16
FD001,2,44,9,0.7743634523820491,17
FD001,2,23,0,0.21582931715651976,13
FD001,2,23,1,0.2436690758431641,14
FD001,2,23,2,0.694985847259441,14
FD001,2,23,3,0.6366224618785098,14
FD001,2,23,4,1.7623234285392437,13
FD001,2,23,5,0.9264100631143387,14
FD001,2,23,6,0.3792288239739181,14
FD001,2,23,7,0.4366761049862483,14
FD001,2,23,8,0.7858795800054121,14
FD001,2,23,9,0.9321993774795149,14
FD001,2,73,0,0.2878976145435531,18
FD001,2,73,1,0.7893484855191755,18
FD001,2,73,2,0.8367854896277361,18
FD001,2,73,3,0.4960241192948303,19
FD001,2,73,4,0.4187562997961559,18
FD001,2,73,5,0.4073855587842723,18
FD001,2,73,6,0.43931934189901756,19
FD001,2,73,7,0.22132937037760947,18
FD001,2,73,8,0.8529464578564323,18
FD001,2,73,9,0.313315471873309,19
FD001,2,16,0,0.7478464915769433,17
FD001,2,16,1,1.4982557044362261,18
FD001,2,16,2,0.852954581193107,18
FD001,2,16,3,1.1353732312006,18
FD001,2,16,4,1.1699711071432022,18
FD001,2,16,5,0.4147150963365337,18
FD001,2,16,6,1.0816193362970503,18
FD001,2,16,7,0.7602445273927637,18
FD001,2,16,8,0.19961307194877695,18
FD001,2,16,9,0.43568642068692864,18
FD001,2,41,0,0.4714848276072501,18
FD001,2,41,1,0.6568264192381823,19
FD001,2,41,2,0.8824523976939354,18
FD001,2,41,3,0.35097486413241824,19
FD001,2,41,4,0.6525604809922423,18
FD001,2,41,5,0.3257199923501359,19
FD001,2,41,6,0.42622100209036606,19
FD001,2,41,7,0.5688639598088329,18
FD001,2,41,8,0.41254448507550145,19
FD001,2,41,9,0.702344031447287,19
FD001,3,11,0,0.19802984234603901,20
FD001,3,11,1,0.21778218497780258,21
FD001,3,11,2,0.5341708453365079,22
FD001,3,11,3,0.4783674044544497,20
FD001,3,11,4,0.3559041351223045,21
FD001,3,11,5,0.4661471775314704,22
FD001,3,11,6,0.2680179786292978,21
FD001,3,11,7,0.31182020221851436,20
FD001,3,11,8,0.34016687808502866,21
FD001,3,11,9,0.5356085633206062,22
FD001,3,42,0,0.5897609110580663,16
FD001,3,42,1,0.6141370900586467,17
FD001,3,42,2,0.9355187088509249,16
FD001,3,42,3,0.5780774009589484,17
FD001,3,42,4,1.193659725594713,16
FD001,3,42,5,0.19519606070032275,17
FD001,3,42,6,0.8972166887247924,17
FD001,3,42,7,0.1952651937431328,16
FD001,3,42,8,1.3479675269441715,17
FD001,3,42,9,1.0350973280405418,17
FD001,3,75,0,0.3812675443414506,19
FD001,3,75,1,0.4152018046697123,20
FD001,3,75,2,0.6632814120229714,20
FD001,3,75,3,0.654600472989085,20
FD001,3,75,4,0.6574082900315448,20
FD001,3,75,5,0.26658383329334745,20
FD001,3,75,6,1.5099943900700965,20
FD001,3,75,7,1.3199158204829171,20
FD001,3,75,8,0.8107255641512126,20
FD001,3,75,9,0.7261112157519118,20
FD001,3,20,0,0.6661059434355603,20
FD001,3,20,1,0.6614069043461921,20
FD001,3,20,2,0.5316629979674073,21
FD001,3,20,3,1.5162601419863302,20
FD001,3,20,4,0.8894706424632981,20
FD001,3,20,5,0.17833469609762506,21
FD001,3,20,6,0.4633413228981078,20
FD001,3,20,7,0.5581201720506206,21
FD001,3,20,8,0.40542074278959084,20
FD001,3,20,9,0.616298972520265,21
FD001,3,22,0,0.49462276858369253,17
FD001,3,22,1,1.2466216738296771,17
FD001,3,22,2,1.2637579970256163,17
FD001,3,22,3,0.12603679001934223,17
FD001,3,22,4,0.5707843415922024,17
FD001,3,22,5,0.357821852312189,18
FD001,3,22,6,0.32284083158995514,17
FD001,3,22,7,0.20936694787915064,17
FD001,3,22,8,0.3150131783991161,17
FD001,3,22,9,0.2960076671532276,18
FD001,3,1,0,0.37473903625442084,16
FD001,3,1,1,0.513922254041548,16
FD001,3,1,2,0.5837483603662181,16
FD001,3,1,3,0.8616439808607937,16
FD001,3,1,4,0.3385315853930793,16
FD001,3,1,5,1.2799762372736274,17
FD001,3,1,6,0.954665047198112,16
FD001,3,1,7,1.5427370345635432,16
FD001,3,1,8,0.7122799244939155,16
FD001,3,1,9,0.6608589599337021,17
FD001,3,73,0,0.38893298195690046,18
FD001,3,73,1,1.0982001403634265,18
FD001,3,73,2,0.7982166286543437,18
FD001,3,73,3,0.6137173760337606,19
FD001,3,73,4,0.3775495969514508,18
FD001,3,73,5,0.4537738266953235,18
FD001,3,73,6,0.2574222366403524,19
FD001,3,73,7,0.5658390451112769,18
FD001,3,73,8,1.4707976414273352,18
FD001,3,73,9,0.5942278597668895,19
FD001,3,57,0,2.5428834644061538,10
FD001,3,57,1,3.149812064499339,11
FD001,3,57,2,2.5972301115423875,11
FD001,3,57,3,0.855325425567855,10
FD001,3,57,4,1.5152077141302365,11
FD001,3,57,5,3.450401454230687,11
FD001,3,57,6,1.8488331175862083,10
FD001,3,57,7,0.5320633807531925,11
FD001,3,57,8,0.5942824973011941,11
FD001,3,57,9,0.34042271427270804,11
FD001,3,4,0,0.5928793454137179,15
FD001,3,4,1,0.4626352152272961,16
FD001,3,4,2,0.5323571845828494,16
FD001,3,4,3,0.9378443372771843,16
FD001,3,4,4,3.1781830431013276,16
FD001,3,4,5,1.818726145567435,16
FD001,3,4,6,0.8278124445086389,16
FD001,3,4,7,0.7135928840266614,16
FD001,3,4,8,0.5186797929932989,16
FD001,3,4,9,0.18800580252375482,16
FD001,3,25,0,0.27506118588357664,19
FD001,3,25,1,0.5502901645836309,20
FD001,3,25,2,0.600029690241187,21
FD001,3,25,3,0.5779055477725451,19
FD001,3,25,4,0.5489355965578093,20
FD001,3,25,5,0.49755943510539724,21
FD001,3,25,6,0.37013564676435057,20
FD001,3,25,7,0.2563458351753342,19
FD001,3,25,8,0.4895357324902295,20
FD001,3,25,9,0.3719875740668602,21
FD001,4,99,0,0.7066073926355981,15
FD001,4,99,1,1.071454322317872,15
FD001,4,99,2,0.9228478951065091,16
FD001,4,99,3,1.8945043406037634,15
FD001,4,99,4,0.481173400128194,16
FD001,4,99,5,0.8822115045521821,16
FD001,4,99,6,1.3696128490184503,15
FD001,4,99,7,0.567648450976765,15
FD001,4,99,8,1.0868617226821593,16
FD001,4,99,9,0.2874479196612403,16
FD001,4,59,0,0.09500471662713773,20
FD001,4,59,1,0.12193804722040291,20
FD001,4,59,2,0.40184634527358354,20
FD001,4,59,3,0.5607782467383425,20
FD001,4,59,4,1.3551915408745177,20
FD001,4,59,5,0.20428781656159428,20
FD001,4,59,6,0.4418380481283868,20
FD001,4,59,7,0.27255160208905926,20
FD001,4,59,8,0.8391145549120218,20
FD001,4,59,9,0.5780665523625416,21
FD001,4,10,0,0.1115591808805685,19
FD001,4,10,1,0.13293782117454192,19
FD001,4,10,2,0.36663194347537603,19
FD001,4,10,3,0.5448115725702655,19
FD001,4,10,4,0.5877499643205192,19
FD001,4,10,5,0.44404398907261156,20
FD001,4,10,6,0.8458013295094288,19
FD001,4,10,7,1.2126534098571922,19
FD001,4,10,8,0.7168784465386928,19
FD001,4,10,9,1.151884448874974,20
FD001,4,51,0,0.4148125709977065,18
FD001,4,51,1,0.26630511409634,18
FD001,4,51,2,0.6692280760984491,18
FD001,4,51,3,0.6672993055794687,19
FD001,4,51,4,0.6275526312499495,18
FD001,4,51,5,0.5330675646013778,18
FD001,4,51,6,0.7849798982128969,19
FD001,4,51,7,0.5394888801003452,18
FD001,4,51,8,0.39323737180485185,18
FD001,4,51,9,0.8637166467770032,19
FD001,4,73,0,0.5195947734240338,18
FD001,4,73,1,1.0887673169257932,18
FD001,4,73,2,0.8698427210140494,18
FD001,4,73,3,0.7291140605197315,19
FD001,4,73,4,0.38163749834317295,18
FD001,4,73,5,0.38274454971883487,18
FD001,4,73,6,0.301758777794473,19
FD001,4,73,7,0.18390206126268532,18
FD001,4,73,8,1.0993619064212479,18
FD001,4,73,9,0.6593817768947989,19
FD001,4,88,0,0.7268720810730638,18
FD001,4,88,1,1.1885182586780123,18
FD001,4,88,2,0.705952236207963,18
FD001,4,88,3,0.5625764069206115,19
FD001,4,88,4,1.1145519772976633,18
FD001,4,88,5,0.48987135043855146,18
FD001,4,88,6,0.5618508550537809,19
FD001,4,88,7,0.5248740145776603,18
FD001,4,88,8,0.28597939773669384,18
FD001,4,88,9,0.38549855122320514,19
FD001,4,2,0,0.10958799247750788,25
FD001,4,2,1,0.1106505592095767,26
FD001,4,2,2,0.1836899732949706,26
FD001,4,2,3,0.3233339469886277,25
FD001,4,2,4,0.800476831729064,26
FD001,4,2,5,0.9764810832919374,26
FD001,4,2,6,0.7207080309640728,25
FD001,4,2,7,0.5565286164587574,26
FD001,4,2,8,0.7330909692036383,26
FD001,4,2,9,0.4982243430844079,26
FD001,4,70,0,1.4018026836225375,10
FD001,4,70,1,1.849147273718793,11
FD001,4,70,2,1.515981658107001,11
FD001,4,70,3,1.664702642962988,10
FD001,4,70,4,1.228354356087405,11
FD001,4,70,5,2.0648564638392735,11
FD001,4,70,6,0.7051320928841178,10
FD001,4,70,7,0.6000998377098405,11
FD001,4,70,8,0.955063042516014,11
FD001,4,70,9,0.7070792987541191,11
FD001,4,56,0,0.4545687340267817,24
FD001,4,56,1,0.7640135409251552,24
FD001,4,56,2,0.9042963261288909,25
FD001,4,56,3,1.0336126115495037,24
FD001,4,56,4,1.0709061760928509,25
FD001,4,56,5,1.6039751062666907,25
FD001,4,56,6,1.3572254450730494,24
FD001,4,56,7,0.8418709044933779,24
FD001,4,56,8,1.8125063667882064,25
FD001,4,56,9,1.161612213561981,25
FD001,4,47,0,0.28157230800958893,18
FD001,4,47,1,0.45028275832536646,18
FD001,4,47,2,0.5137010906465104,19
FD001,4,47,3,0.5583658727906575,18
FD001,4,47,4,0.7125613804770068,18
FD001,4,47,5,0.2142557757034503,19
FD001,4,47,6,0.7119497079743855,18
FD001,4,47,7,0.9262717626775814,19
FD001,4,47,8,0.7751702271567196,18
FD001,4,47,9,1.0744233655069977,19
FD002,0,82,0,1.4212514675594878,16
FD002,0,82,1,1.3335560350321354,17
FD002,0,82,2,2.0353958376604275,18
FD002,0,82,3,1.5328299980451194,16
FD002,0,82,4,0.6394175989795567,17
FD002,0,82,5,2.13088583730905,18
FD002,0,82,6,1.2061967058044392,17
FD002,0,82,7,0.6768371101689663,16
FD002,0,82,8,0.7677586993403657,17
FD002,0,82,9,0.6396381862799879,18
FD002,0,244,0,3.286017535853541,9
FD002,0,244,1,1.5963241897135108,10
FD002,0,244,2,0.44281505643660524,10
FD002,0,244,3,1.8496220483376082,10
FD002,0,244,4,2.46769218115499,9
FD002,0,244,5,2.2628057872600955,10
FD002,0,244,6,1.1902277601156361,10
FD002,0,244,7,1.1936682229858024,10
FD002,0,244,8,0.9279124302402386,10
FD002,0,244,9,0.9643297901112124,10
FD002,0,175,0,0.4893570707221413,17
FD002,0,175,1,0.26836805775513606,17
FD002,0,175,2,0.30499451721266324,17
FD002,0,175,3,0.44228571767302943,17
FD002,0,175,4,0.6025313712008554,17
FD002,0,175,5,1.7557143485511868,18
FD002,0,175,6,0.5858610952685437,17
FD002,0,175,7,0.5992825385359479,17
FD002,0,175,8,0.8109638186671296,17
FD002,0,175,9,0.28274467376239315,18
FD002,0,247,0,0.6802133973242581,16
FD002,0,247,1,0.570760127243123,17
FD002,0,247,2,1.2472686239243824,17
FD002,0,247,3,0.5013654971764011,16
FD002,0,247,4,0.5824539298134854,17
FD002,0,247,5,0.16570988198794934,17
FD002,0,247,6,0.20009442958419177,16
FD002,0,247,7,0.6409144645335394,17
FD002,0,247,8,0.4992083048969188,17
FD002,0,247,9,0.26537520960976196,17
FD002,0,40,0,0.7165575980329264,16
FD002,0,40,1,1.0190695313273177,16
FD002,0,40,2,0.9106278598293163,16
FD002,0,40,3,1.5066142158369764,17
FD002,0,40,4,0.5109125146126325,16
FD002,0,40,5,1.108942386434967,16
FD002,0,40,6,0.4487614307564285,17
FD002,0,40,7,1.2478270903675996,16
FD002,0,40,8,1.0016339409180488,16
FD002,0,40,9,0.11199060182325152,17
FD002,0,231,0,0.49473252236519716,11
FD002,0,231,1,1.5173401215377873,11
FD002,0,231,2,1.3159576206107633,12
FD002,0,231,3,1.6168711640385822,11
FD002,0,231,4,1.0746656344569177,11
FD002,0,231,5,2.2006593459975705,12
FD002,0,231,6,1.6474662891041667,11
FD002,0,231,7,1.088784057072667,12
FD002,0,231,8,0.7828196275950196,11
FD002,0,231,9,0.3010196384841025,12
FD002,0,194,0,0.13936642486651601,11
FD002,0,194,1,0.3630854017450852,12
FD002,0,194,2,0.8724950182462404,12
FD002,0,194,3,2.1307704771832245,12
FD002,0,194,4,2.6114456557110346,11
FD002,0,194,5,1.8597347492088872,12
FD002,0,194,6,1.1802311094545688,12
FD002,0,194,7,1.0006695335984808,12
FD002,0,194,8,0.6510203109272006,12
FD002,0,194,9,0.4616763093205129,12
FD002,0,59,0,1.1055894524706125,16
FD002,0,59,1,0.7604359899917768,16
FD002,0,59,2,0.4910204497973467,17
FD002,0,59,3,0.5266674817889925,16
FD002,0,59,4,1.071625545958267,16
FD002,0,59,5,0.27194987444829366,17
FD002,0,59,6,0.09348548773345838,16
FD002,0,59,7,0.8384174147535204,17
FD002,0,59,8,0.6377775568981675,16
FD002,0,59,9,0.8541018805460645,17
FD002,0,141,0,0.4495748244806283,13
FD002,0,141,1,0.19666521514100369,13
FD002,0,141,2,0.8519803732322695,13
FD002,0,141,3,2.138503069000244,14
FD002,0,141,4,0.7478579188693467,13
FD002,0,141,5,1.6320215649457566,13
FD002,0,141,6,1.129007287131265,14
FD002,0,141,7,1.7889136044591547,13
FD002,0,141,8,0.8798787533385914,13
FD002,0,141,9,0.19404981318483822,14
FD002,0,89,0,0.42526888809362734,15
FD002,0,89,1,0.7160340988658869,16
FD002,0,89,2,0.32923119679551505,16
FD002,0,89,3,0.6530041224017373,16
FD002,0,89,4,0.9737729408511077,15
FD002,0,89,5,0.4085665224686269,16
FD002,0,89,6,0.3933000038461707,16
FD002,0,89,7,0.6238950974138975,16
FD002,0,89,8,0.4650354387160024,16
FD002,0,89,9,1.3771533214988272,16
FD002,0,217,0,0.1775973263883654,13
FD002,0,217,1,1.893547807505954,13
FD002,0,217,2,2.4348660523276733,13
FD002,0,217,3,2.2378957072644057,13
FD002,0,217,4,4.675121523907473,13
FD002,0,217,5,1.8299866700902991,14
FD002,0,217,6,1.4904220263666468,13
FD002,0,217,7,0.7296736060325298,13
FD002,0,217,8,1.4351342509557243,13
FD002,0,217,9,0.6867131001094323,14
FD002,0,71,0,0.7401031320903926,16
FD002,0,71,1,0.6473010000325441,16
FD002,0,71,2,0.36631405393864036,17
FD002,0,71,3,0.2499388671066443,16
FD002,0,71,4,0.3343219501647465,16
FD002,0,71,5,0.4471457802625526,17
FD002,0,71,6,0.567076004790809,16
FD002,0,71,7,0.6352249621891809,17
FD002,0,71,8,0.231803939196852,16
FD002,0,71,9,0.2319647362936354,17
FD002,0,88,0,0.3678231486176638,33
FD002,0,88,1,0.35704660858572146,33
FD002,0,88,2,0.30464343312301406,34
FD002,0,88,3,0.5336967371867486,33
FD002,0,88,4,0.7777085992146113,34
FD002,0,88,5,0.8291781126522302,34
FD002,0,88,6,0.7824405909773983,33
FD002,0,88,7,0.4917552183398617,33
FD002,0,88,8,0.4422169126230633,34
FD002,0,88,9,0.4753538574703907,34
FD002,0,37,0,0.396917793936624,17
FD002,0,37,1,0.7191622268220623,18
FD002,0,37,2,0.5177452912912311,19
FD002,0,37,3,0.2727759164673456,17
FD002,0,37,4,0.5719249434984586,18
FD002,0,37,5,0.2257649155534951,19
FD002,0,37,6,2.4234151810599767,18
FD002,0,37,7,0.34589544917162884,17
FD002,0,37,8,0.31878908618611546,18
FD002,0,37,9,0.4364405395820482,19
FD002,0,243,0,0.9429860132120411,19
FD002,0,243,1,0.8837658345542463,20
FD002,0,243,2,1.2094145333103676,21
FD002,0,243,3,1.3584318561907418,19
FD002,0,243,4,1.9873543511095104,20
FD002,0,243,5,0.8124839133410929,21
FD002,0,243,6,1.590516437481819,20
FD002,0,243,7,1.6062444926303978,19
FD002,0,243,8,0.49783747173663356,20
FD002,0,243,9,0.47267813322190977,21
FD002,0,22,0,0.8285987475795277,16
FD002,0,22,1,0.6495095051784565,16
FD002,0,22,2,0.7119785651577226,16
FD002,0,22,3,0.45957646905367555,16
FD002,0,22,4,1.8028701136824368,16
FD002,0,22,5,0.5584365904449974,17
FD002,0,22,6,0.8350122164416843,16
FD002,0,22,7,1.9063764885968704,16
FD002,0,22,8,0.930341557633672,16
FD002,0,22,9,0.6459011246050762,17
FD002,0,212,0,0.4689231984691033,11
FD002,0,212,1,2.966137146957455,12
FD002,0,212,2,2.027279649257262,12
FD002,0,212,3,1.6952371991738198,12
FD002,0,212,4,1.376145350855898,12
FD002,0,212,5,1.9669567260903276,12
FD002,0,212,6,1.792259540610564,12
FD002,0,212,7,0.8557639122382796,12
FD002,0,212,8,0.3078414481979581,12
FD002,0,212,9,0.5207574201789908,12
FD002,0,10,0,0.5834699478231666,15
FD002,0,10,1,0.8188938967310652,15
FD002,0,10,2,0.6616361518692521,16
FD002,0,10,3,0.6399293843945227,15
FD002,0,10,4,0.20931894780927002,15
FD002,0,10,5,0.16162734799092227,16
FD002,0,10,6,1.9329850384665952,15
FD002,0,10,7,0.9306984352481658,16
FD002,0,10,8,0.966042337351487,15
FD002,0,10,9,0.7521024656085288,16
FD002,0,104,0,0.1968058968521518,19
FD002,0,104,1,0.24053531118538712,20
FD002,0,104,2,0.5177516790917696,20
FD002,0,104,3,0.6783564917999884,20
FD002,0,104,4,0.4626188478330523,19
FD002,0,104,5,0.4291672543112136,20
FD002,0,104,6,0.595787468915461,20
FD002,0,104,7,0.5131046266091945,20
FD002,0,104,8,0.7603078221365205,20
FD002,0,104,9,0.3928533400839835,20
FD002,0,196,0,0.9350921051275859,20
FD002,0,196,1,1.2404762379690797,21
FD002,0,196,2,0.8682499187324518,21
FD002,0,196,3,1.6389228218936296,21
FD002,0,196,4,1.1322723411497804,21
FD002,0,196,5,1.1467195643384374,21
FD002,0,196,6,1.4730694022879713,21
FD002,0,196,7,0.8949221970027206,21
FD002,0,196,8,0.3180202355575669,21
FD002,0,196,9,0.3867716312697845,21
FD002,0,252,0,3.0680760713837554,10
FD002,0,252,1,2.4403322287671667,10
FD002,0,252,2,1.4826325428339102,11
FD002,0,252,3,1.8890159046794017,10
FD002,0,252,4,1.0787152458855676,11
FD002,0,252,5,1.2167516024246914,11
FD002,0,252,6,1.37003640614809,10
FD002,0,252,7,1.096945563474159,10
FD002,0,252,8,0.5683663219961739,11
FD002,0,252,9,0.5777017476420008,11
FD002,0,68,0,0.9981636871072312,15
FD002,0,68,1,0.7081568843963346,15
FD002,0,68,2,0.3829259883071146,16
FD002,0,68,3,0.1952990241073795,15
FD002,0,68,4,0.3990369698687004,16
FD002,0,68,5,0.2754187838323069,16
FD002,0,68,6,0.2742408955457923,15
FD002,0,68,7,0.6920197609041947,15
FD002,0,68,8,1.0074148745876856,16
FD002,0,68,9,0.40545293688405193,16
FD002,0,193,0,0.7861750828413578,14
FD002,0,193,1,0.6601869139954042,14
FD002,0,193,2,0.4248941269343728,14
FD002,0,193,3,0.9693608033611383,14
FD002,0,193,4,1.4179939078742776,14
FD002,0,193,5,1.3306699564714508,15
FD002,0,193,6,0.5582127804989078,14
FD002,0,193,7,1.1172865425122307,14
FD002,0,193,8,1.4607675980487245,14
FD002,0,193,9,1.6047658501070798,15
FD002,0,118,0,0.6172103952989771,31
FD002,0,118,1,0.6398500173837637,31
FD002,0,118,2,0.5515457885135974,32
FD002,0,118,3,0.7985978562603279,31
FD002,0,118,4,0.9248989393585598,31
FD002,0,118,5,1.454548544957483,32
FD002,0,118,6,1.243790670310498,31
FD002,0,118,7,1.7294528499258244,32
FD002,0,118,8,0.7764676653050594,31
FD002,0,118,9,0.6406282336410154,32
FD002,0,48,0,0.6964081600974974,20
FD002,0,48,1,0.5716676194056229,21
FD002,0,48,2,0.7566758697906248,21
FD002,0,48,3,0.7088914045172819,21
FD002,0,48,4,0.6496234235879925,21
FD002,0,48,5,0.6377707899117466,21
FD002,0,48,6,0.722191417444352,21
FD002,0,48,7,0.29963435200715405,21
FD002,0,48,8,0.3918879082470826,21
FD002,0,48,9,0.32092771653150015,21
FD002,0,173,0,0.9090770527057086,12
FD002,0,173,1,1.828504983333453,12
FD002,0,173,2,1.5559122184566432,12
FD002,0,173,3,3.6722868400082334,12
FD002,0,173,4,1.9911186282657376,12
FD002,0,173,5,1.7556783380790146,12
FD002,0,173,6,1.0771406115444266,12
FD002,0,173,7,1.0970432675722872,12
FD002,0,173,8,0.8508260718409013,12
FD002,0,173,9,0.7578653928327707,13
FD002,1,143,0,0.5688619901495326,13
FD002,1,143,1,0.4992436864422596,14
FD002,1,143,2,0.2386321576629315,13
FD002,1,143,3,0.8101295978648252,14
FD002,1,143,4,1.6197384826628365,13
FD002,1,143,5,1.2639932863482002,14
FD002,1,143,6,0.357375597923711,14
FD002,1,143,7,1.4890334303972457,13
FD002,1,143,8,0.520259645064176,14
FD002,1,143,9,0.4690363007440401,14
FD002,1,158,0,0.34127175171001856,27
FD002,1,158,1,0.43982903851954436,28
FD002,1,158,2,0.30077960039547136,28
FD002,1,158,3,0.5254377785261839,28
FD002,1,158,4,0.3546593131684758,27
FD002,1,158,5,0.7456718741299351,28
FD002,1,158,6,1.5669986855178015,28
FD002,1,158,7,0.417956759534912,28
FD002,1,158,8,0.5827298378861964,28
FD002,1,158,9,0.49717282040963706,28
FD002,1,157,0,0.429841784415572,20
FD002,1,157,1,0.4399059049699212,21
FD002,1,157,2,0.49253932688598767,21
FD002,1,157,3,0.4640256326486978,20
FD002,1,157,4,0.16179701364288124,21
FD002,1,157,5,0.1947946781596422,21
FD002,1,157,6,0.6344925414116942,20
FD002,1,157,7,1.0663714037505805,21
FD002,1,157,8,0.576087993201148,21
FD002,1,157,9,0.4084695097426993,21
FD002,1,235,0,0.6641760207052168,15
FD002,1,235,1,2.1716793868960815,15
FD002,1,235,2,0.5752908107749007,15
FD002,1,235,3,0.2502906100867629,16
FD002,1,235,4,0.3126083550878401,15
FD002,1,235,5,0.1901410938894024,15
FD002,1,235,6,0.5691482434500172,16
FD002,1,235,7,0.22549560811330166,15
FD002,1,235,8,0.29530146484792896,15
FD002,1,235,9,0.5007264225505812,16
FD002,1,140,0,0.2995512542509334,18
FD002,1,140,1,0.327232687441151,18
FD002,1,140,2,0.6879176801610188,19
FD002,1,140,3,0.4263124780120654,18
FD002,1,140,4,1.1696427990414338,18
FD002,1,140,5,0.5024617314829599,19
FD002,1,140,6,0.483320581923809,18
FD002,1,140,7,1.1321898025631791,19
FD002,1,140,8,1.2530514303058933,18
FD002,1,140,9,0.3752785458905411,19
FD002,1,213,0,0.4045054480100768,16
FD002,1,213,1,0.3568249947221924,17
FD002,1,213,2,0.32919705529018994,16
FD002,1,213,3,0.2578438845308822,17
FD002,1,213,4,2.436970474369283,16
FD002,1,213,5,0.4835015107896824,17
FD002,1,213,6,1.296736830875087,17
FD002,1,213,7,0.8260274323892746,16
FD002,1,213,8,0.7727597431828163,17
FD002,1,213,9,1.0274771798023492,17
FD002,1,147,0,0.39326855541968386,17
FD002,1,147,1,0.24682332842915694,18
FD002,1,147,2,0.42021552090868575,18
FD002,1,147,3,0.36255225355131654,17
FD002,1,147,4,1.5038968431693551,18
FD002,1,147,5,0.7131629237941621,18
FD002,1,147,6,2.2368218454235373,17
FD002,1,147,7,0.7931293723985704,18
FD002,1,147,8,0.653133084565296,18
FD002,1,147,9,0.5977263681304947,18
FD002,1,102,0,0.9211715407403762,13
FD002,1,102,1,0.26017969908966615,13
FD002,1,102,2,0.53681853926748,14
FD002,1,102,3,0.5214439888792131,13
FD002,1,102,4,0.4032370675773965,13
FD002,1,102,5,0.3383601586504775,14
FD002,1,102,6,0.6745659411575755,13
FD002,1,102,7,0.8068427494416692,14
FD002,1,102,8,0.9580053062600432,13
FD002,1,102,9,1.1842851749344607,14
FD002,1,21,0,0.1951248778784433,15
FD002,1,21,1,0.4424338988500669,16
FD002,1,21,2,0.23596312609115527,16
FD002,1,21,3,1.68360100892303,16
FD002,1,21,4,2.1334757495435275,16
FD002,1,21,5,0.6058655520669521,16
FD002,1,21,6,0.6982222072015121,16
FD002,1,21,7,0.7002612668507229,16
FD002,1,21,8,0.7525644807426223,16
FD002,1,21,9,0.5661595212805206,16
FD002,1,179,0,0.4861306758377169,15
FD002,1,179,1,1.0191329251156627,15
FD002,1,179,2,0.36894823067495186,15
FD002,1,179,3,0.5338125336871766,15
FD002,1,179,4,1.4402982862419473,15
FD002,1,179,5,0.3717757744957861,15
FD002,1,179,6,0.9669285012427102,15
FD002,1,179,7,0.8163402235443158,15
FD002,1,179,8,0.916445437046032,15
FD002,1,179,9,0.637807510063785,16
FD002,1,26,0,0.5849603009649098,15
FD002,1,26,1,0.5843870406824252,16
FD002,1,26,2,0.2890251131885043,16
FD002,1,26,3,0.7167831570968606,15
FD002,1,26,4,0.13725083181312764,16
FD002,1,26,5,1.0270248498203998,16
FD002,1,26,6,1.185360104257418,15
FD002,1,26,7,0.454080910317485,16
FD002,1,26,8,1.2376893650752185,16
FD002,1,26,9,1.006765372906158,16
FD002,1,135,0,0.4045025140584767,26
FD002,1,135,1,0.51119611030574,26
FD002,1,135,2,0.5341006964691215,27
FD002,1,135,3,0.853875849330407,26
FD002,1,135,4,0.9487139199841159,26
FD002,1,135,5,0.5964211777861111,27
FD002,1,135,6,0.17572672132987216,26
FD002,1,135,7,0.7820105210098808,27
FD002,1,135,8,0.27529385352731095,26
FD002,1,135,9,0.6919840006912582,27
FD002,1,238,0,0.25723267134229877,12
FD002,1,238,1,0.22920987401713336,13
FD002,1,238,2,0.8817936563525428,12
FD002,1,238,3,3.0208005140226337,13
FD002,1,238,4,0.3760847342699294,12
FD002,1,238,5,0.08538826142647528,13
FD002,1,238,6,0.34223492497714775,13
FD002,1,238,7,1.2073570320811666,12
FD002,1,238,8,0.4045729507533292,13
FD002,1,238,9,0.3046537503732149,13
FD002,1,72,0,0.7328376573193622,16
FD002,1,72,1,1.1541540008811007,17
FD002,1,72,2,0.9643174856553225,16
FD002,1,72,3,0.5670571603227678,17
FD002,1,72,4,0.24835693325134323,16
FD002,1,72,5,0.7609647676700007,17
FD002,1,72,6,1.4255727811836065,17
FD002,1,72,7,0.5059055558997531,16
FD002,1,72,8,0.3323681418390234,17
FD002,1,72,9,0.6782099889653332,17
FD002,1,205,0,0.5414803849070566,16
FD002,1,205,1,0.7695548749335471,17
FD002,1,205,2,0.6502072728324895,17
FD002,1,205,3,0.2530918422008366,17
FD002,1,205,4,0.4699610731129651,16
FD002,1,205,5,0.35518031813211837,17
FD002,1,205,6,0.324571663324566,17
FD002,1,205,7,0.35965003856998873,17
FD002,1,205,8,0.4153021724368123,17
FD002,1,205,9,0.3856085967378954,17
FD002,1,130,0,0.46859373406393084,15
FD002,1,130,1,1.1710605295706489,15
FD002,1,130,2,0.3682102438862904,15
FD002,1,130,3,0.820716445922426,15
FD002,1,130,4,0.4714568165136052,15
FD002,1,130,5,2.3849685361243225,16
FD002,1,130,6,1.2236108782560113,15
FD002,1,130,7,1.319999873489443,15
FD002,1,130,8,1.0875353361897033,15
FD002,1,130,9,0.7069306845929673,16
FD002,1,145,0,0.20421522179416182,22
FD002,1,145,1,0.3030155947510499,22
FD002,1,145,2,0.3167610288666727,22
FD002,1,145,3,0.37762076938600103,22
FD002,1,145,4,0.3486806830888732,22
FD002,1,145,5,0.8002876763959101,22
FD002,1,145,6,0.772317744236013,22
FD002,1,145,7,0.3783958189716806,22
FD002,1,145,8,0.8148345061446504,22
FD002,1,145,9,0.7235719635631198,23
FD002,1,193,0,0.6619647622816351,14
FD002,1,193,1,0.6972321221373828,14
FD002,1,193,2,0.4173677796855348,14
FD002,1,193,3,1.0725253803974795,14
FD002,1,193,4,1.4915791044045172,14
FD002,1,193,5,1.3951950510935753,15
FD002,1,193,6,0.5734484728639615,14
FD002,1,193,7,0.9662748191186659,14
FD002,1,193,8,1.0271290857321755,14
FD002,1,193,9,1.2107975538769304,15
FD002,1,80,0,0.9261731488449129,19
FD002,1,80,1,0.520906311440952,19
FD002,1,80,2,1.980426870024949,19
FD002,1,80,3,0.849512054060137,19
FD002,1,80,4,0.5067772481429835,19
FD002,1,80,5,0.33418312738893513,19
FD002,1,80,6,0.5403831398829682,19
FD002,1,80,7,0.26358408485493434,19
FD002,1,80,8,1.0514656612992503,19
FD002,1,80,9,0.9854270230126205,20
FD002,1,134,0,0.2846227710739017,21
FD002,1,134,1,0.35189646808803443,22
FD002,1,134,2,0.4589040613088142,22
FD002,1,134,3,0.371674854098455,21
FD002,1,134,4,0.44770267157621596,22
FD002,1,134,5,0.5978589576882154,22
FD002,1,134,6,0.7523588755653366,21
FD002,1,134,7,0.7927168333256864,22
FD002,1,134,8,0.5306412433856809,22
FD002,1,134,9,0.688879986337582,22
FD002,1,204,0,0.8307902850204663,20
FD002,1,204,1,0.5793527415062564,21
FD002,1,204,2,1.3607419272932904,21
FD002,1,204,3,0.8849267045053748,20
FD002,1,204,4,0.8961418163139075,21
FD002,1,204,5,1.2366266503381735,21
FD002,1,204,6,0.8091873478677568,20
FD002,1,204,7,1.4966474316227156,21
FD002,1,204,8,0.9516470298641606,21
FD002,1,204,9,0.4716953244879722,21
FD002,1,138,0,0.7679455289625645,16
FD002,1,138,1,0.6796549983200569,17
FD002,1,138,2,0.6749930353020601,18
FD002,1,138,3,1.1179042847832743,16
FD002,1,138,4,0.47139651742217437,17
FD002,1,138,5,1.2836723669993342,18
FD002,1,138,6,0.4014880710193674,17
FD002,1,138,7,0.15516738654027706,16
FD002,1,138,8,0.7996627715420882,17
FD002,1,138,9,0.8564749161429941,18
FD002,1,256,0,0.1493914266167255,13
FD002,1,256,1,0.09497305582963503,13
FD002,1,256,2,0.5390182840634692,13
FD002,1,256,3,1.6470553405814605,14
FD002,1,256,4,1.485374381454906,13
FD002,1,256,5,1.904947159434378,13
FD002,1,256,6,1.432312605863434,14
FD002,1,256,7,0.5479428473811582,13
FD002,1,256,8,0.5554555364482897,13
FD002,1,256,9,0.7615547962897671,14
FD002,1,73,0,0.5426071836102186,20
FD002,1,73,1,0.6577429983109514,21
FD002,1,73,2,0.6728975715434361,21
FD002,1,73,3,1.1694307347230466,21
FD002,1,73,4,0.1647098720737882,21
FD002,1,73,5,0.2840025870202586,21
FD002,1,73,6,0.5230141689252266,21
FD002,1,73,7,0.7715881215142348,21
FD002,1,73,8,0.37714115188308284,21
FD002,1,73,9,1.6661479761097566,21
FD002,1,236,0,0.5334826897969762,20
FD002,1,236,1,0.8908113466223149,21
FD002,1,236,2,0.7894579181892012,21
FD002,1,236,3,1.904990845456567,21
FD002,1,236,4,1.0124264912429564,21
FD002,1,236,5,1.8018269219737073,21
FD002,1,236,6,1.1170951402750242,21
FD002,1,236,7,0.5169692532603434,21
FD002,1,236,8,1.6948071844734358,21
FD002,1,236,9,0.8623492408674317,21
FD002,1,38,0,0.28209368838297394,14
FD002,1,38,1,0.3681619608727921,15
FD002,1,38,2,0.7482708939498033,15
FD002,1,38,3,0.6379334327320361,14
FD002,1,38,4,0.7421038907791804,15
FD002,1,38,5,0.8034963727528183,15
FD002,1,38,6,0.9080499185255189,14
FD002,1,38,7,2.061019373560264,15
FD002,1,38,8,0.4558944552940147,15
FD002,1,38,9,0.9505563872874588,15
FD002,2,5,0,0.31199174388119166,12
FD002,2,5,1,1.2057755145528062,12
FD002,2,5,2,1.5040133594168599,13
FD002,2,5,3,1.060406138449131,12
FD002,2,5,4,2.1635974967198592,12
FD002,2,5,5,2.9593100076210908,13
FD002,2,5,6,1.498013496162816,12
FD002,2,5,7,1.3856608740402763,13
FD002,2,5,8,1.0852452645904966,12
FD002,2,5,9,0.749417888780201,13
FD002,2,103,0,0.48749120986735056,24
FD002,2,103,1,0.47200010694767097,25
FD002,2,103,2,0.6305640499148841,26
FD002,2,103,3,0.7460868036706346,24
FD002,2,103,4,0.7347388745238174,25
FD002,2,103,5,0.9770494967739038,26
FD002,2,103,6,1.320686223322372,25
FD002,2,103,7,0.28418195201401414,24
FD002,2,103,8,0.4991500575494968,25
FD002,2,103,9,0.4350863040599885,26
FD002,2,196,0,0.9224716902370107,20
FD002,2,196,1,1.1199988993113412,21
FD002,2,196,2,0.9595736834442616,21
FD002,2,196,3,1.3090414301333841,21
FD002,2,196,4,1.040368501510258,21
FD002,2,196,5,1.0517980751288882,21
FD002,2,196,6,1.1868941424788426,21
FD002,2,196,7,1.460877727821459,21
FD002,2,196,8,0.129107195478863,21
FD002,2,196,9,0.3100623198328835,21
FD002,2,168,0,0.3722783713545561,18
FD002,2,168,1,0.5760285374310317,19
FD002,2,168,2,0.5479167367531048,19
FD002,2,168,3,0.7405554165895535,18
FD002,2,168,4,0.2724997094633371,19
FD002,2,168,5,0.34914611786430044,19
FD002,2,168,6,0.6178136934905621,18
FD002,2,168,7,0.5523991467724367,19
FD002,2,168,8,0.4931379658347584,19
FD002,2,168,9,1.4826166105673797,19
FD002,2,38,0,0.3666238830074603,14
FD002,2,38,1,0.44643892823435466,15
FD002,2,38,2,0.47635306873876776,15
FD002,2,38,3,0.738572560073329,14
FD002,2,38,4,0.9845030899669281,15
FD002,2,38,5,0.9423403813469562,15
FD002,2,38,6,1.3785658037409085,14
FD002,2,38,7,1.5556359415977012,15
FD002,2,38,8,0.6271554208291148,15
FD002,2,38,9,1.2254564510304349,15
FD002,2,117,0,0.9339088507984306,14
FD002,2,117,1,1.0233371986050241,15
FD002,2,117,2,0.14545079871629762,15
FD002,2,117,3,0.046780061294784236,14
FD002,2,117,4,0.30898086047660744,15
FD002,2,117,5,0.7562174632000825,15
FD002,2,117,6,1.3077569165016212,14
FD002,2,117,7,0.5490023103471414,15
FD002,2,117,8,1.0878310439435364,15
FD002,2,117,9,0.9685354313040102,15
FD002,2,125,0,0.41292426921917635,13
FD002,2,125,1,0.1291501582761015,14
FD002,2,125,2,0.9697274984400768,14
FD002,2,125,3,1.7870368226489126,14
FD002,2,125,4,1.3277842783474192,13
FD002,2,125,5,2.2670034219455664,14
FD002,2,125,6,1.5176877041164045,14
FD002,2,125,7,0.6458713411943218,14
FD002,2,125,8,1.0108393803912525,14
FD002,2,125,9,1.8798208516619204,14
FD002,2,149,0,0.7265650772893651,25
FD002,2,149,1,0.5639414847626117,26
FD002,2,149,2,0.7748302843697223,26
FD002,2,149,3,0.9435159928993462,26
FD002,2,149,4,1.0446661819189642,26
FD002,2,149,5,1.4492578705525165,26
FD002,2,149,6,0.8147527953616489,26
FD002,2,149,7,0.6302764741710474,26
FD002,2,149,8,0.691917806758887,26
FD002,2,149,9,0.6377965995295724,26
FD002,2,219,0,0.5212434555120447,12
FD002,2,219,1,0.10854038122927862,13
FD002,2,219,2,0.3689821379233256,12
FD002,2,219,3,0.7559678708804908,13
FD002,2,219,4,0.692386629311489,12
FD002,2,219,5,0.8872460708594818,13
FD002,2,219,6,0.8244394756869536,13
FD002,2,219,7,0.9091678994486803,12
FD002,2,219,8,1.1138612683758775,13
FD002,2,219,9,0.7485081554878015,13
FD002,2,32,0,0.7530676733921986,25
FD002,2,32,1,0.7714696032672523,25
FD002,2,32,2,0.9504513189757657,25
FD002,2,32,3,0.6978933468226611,25
FD002,2,32,4,0.7612289323696267,25
FD002,2,32,5,1.3918903063816803,25
FD002,2,32,6,0.9463735411402312,25
FD002,2,32,7,0.8245963337269397,25
FD002,2,32,8,1.7829205680379991,25
FD002,2,32,9,0.7251653397764453,26
FD002,2,64,0,0.4085904513018583,25
FD002,2,64,1,0.7276826632326443,25
FD002,2,64,2,0.6931225571862064,25
FD002,2,64,3,0.6794332433670344,25
FD002,2,64,4,0.8445738607186901,25
FD002,2,64,5,0.34622811270650344,26
FD002,2,64,6,0.4569850919891701,25
FD002,2,64,7,0.3445717688601474,25
FD002,2,64,8,0.4123839192034735,25
FD002,2,64,9,0.6304619751430818,26
FD002,2,48,0,0.605539929690488,20
FD002,2,48,1,0.5220129650885263,21
FD002,2,48,2,0.6628271556348703,21
FD002,2,48,3,0.6233370495491743,21
FD002,2,48,4,0.5164016359123829,21
FD002,2,48,5,0.6268184056624474,21
FD002,2,48,6,0.7401384130490168,21
FD002,2,48,7,0.3595084369533148,21
FD002,2,48,8,0.3053870674430818,21
FD002,2,48,9,0.5707720943306742,21
FD002,2,214,0,0.11938676045215761,11
FD002,2,214,1,0.16449733727970722,12
FD002,2,214,2,0.7702372910921338,11
FD002,2,214,3,1.5861581045189623,12
FD002,2,214,4,1.6473722522449645,11
FD002,2,214,5,1.609269677669591,12
FD002,2,214,6,0.6830095116252476,12
FD002,2,214,7,0.4868748808479718,11
FD002,2,214,8,1.265318528337065,12
FD002,2,214,9,0.8896335222398464,12
FD002,2,254,0,0.5129181648577803,22
FD002,2,254,1,0.6622627522480662,23
FD002,2,254,2,0.5581969722110173,24
FD002,2,254,3,0.9141314354052159,22
FD002,2,254,4,0.6139260037948308,23
FD002,2,254,5,0.21075707421900408,24
FD002,2,254,6,1.2112727775342453,23
FD002,2,254,7,0.7610042426942474,22
FD002,2,254,8,0.34704437084233447,23
FD002,2,254,9,0.17067624590508132,24
FD002,2,96,0,0.14307963529541037,17
FD002,2,96,1,0.2936742565994829,18
FD002,2,96,2,0.2556754782781028,18
FD002,2,96,3,0.6769926467558341,18
FD002,2,96,4,1.1103552622490085,17
FD002,2,96,5,2.034436169341402,18
FD002,2,96,6,1.4254360176821073,18
FD002,2,96,7,0.630516504644328,18
FD002,2,96,8,1.0202759283043803,18
FD002,2,96,9,0.28268889919935236,18
FD002,2,178,0,0.09035950510478473,11
FD002,2,178,1,1.015151467643146,12
FD002,2,178,2,1.2630080126320555,12
FD002,2,178,3,1.6214460710721126,12
FD002,2,178,4,1.779425417843931,11
FD002,2,178,5,1.7879968445510326,12
FD002,2,178,6,1.7575959270320383,12
FD002,2,178,7,0.9660230298292511,12
FD002,2,178,8,0.4641803080306964,12
FD002,2,178,9,0.3744718198729339,12
FD002,2,163,0,0.3954965412088162,17
FD002,2,163,1,0.6352061488526801,17
FD002,2,163,2,0.595993673726529,17
FD002,2,163,3,0.21332832194384832,18
FD002,2,163,4,0.8575062151516524,17
FD002,2,163,5,0.3000377662196321,17
FD002,2,163,6,0.6067883791072972,18
FD002,2,163,7,0.5687889633675361,17
FD002,2,163,8,0.7845291206868085,17
FD002,2,163,9,0.8014181323327139,18
FD002,2,8,0,0.8369939598948376,12
FD002,2,8,1,0.9467573078627629,12
FD002,2,8,2,0.8257527475102606,12
FD002,2,8,3,0.333602090939606,12
FD002,2,8,4,1.197507719373335,12
FD002,2,8,5,1.2821917154319904,12
FD002,2,8,6,0.8872929317375098,12
FD002,2,8,7,0.12928568768319496,12
FD002,2,8,8,1.416650232535055,12
FD002,2,8,9,0.6732984723349049,13
FD002,2,105,0,0.6684900704922402,27
FD002,2,105,1,0.6749661560865112,27
FD002,2,105,2,0.8564650295396725,27
FD002,2,105,3,0.8682334178572042,28
FD002,2,105,4,1.1389125460345781,27
FD002,2,105,5,1.3738521277318485,27
FD002,2,105,6,2.2963224337602863,28
FD002,2,105,7,0.5333307453859282,27
FD002,2,105,8,2.1471170494737577,27
FD002,2,105,9,0.9881658814128297,28
FD002,2,76,0,0.3149857879571881,21
FD002,2,76,1,0.5358505279001509,21
FD002,2,76,2,0.3668159007197162,22
FD002,2,76,3,0.3867484859990457,21
FD002,2,76,4,0.07342047823211217,21
FD002,2,76,5,0.891741459920385,22
FD002,2,76,6,0.4254779505809184,21
FD002,2,76,7,1.6105684775923397,22
FD002,2,76,8,0.5785766425690013,21
FD002,2,76,9,0.9282327759797655,22
FD002,2,211,0,0.4586263118052307,18
FD002,2,211,1,0.5306857705146995,18
FD002,2,211,2,0.5100375860636767,19
FD002,2,211,3,0.637579142114737,18
FD002,2,211,4,0.29020181873336615,18
FD002,2,211,5,0.6038663079441068,19
FD002,2,211,6,0.7528522141942192,18
FD002,2,211,7,0.21315539950068188,19
FD002,2,211,8,0.8820817379182644,18
FD002,2,211,9,1.022139973035859,19
FD002,2,44,0,0.2628801601362331,17
FD002,2,44,1,0.4427732703539607,17
FD002,2,44,2,0.5672473541619167,18
FD002,2,44,3,0.42080263016688285,17
FD002,2,44,4,1.0495404683180896,18
FD002,2,44,5,0.3708306892778541,18
FD002,2,44,6,0.7471687152128609,17
FD002,2,44,7,0.41638283358136374,17
FD002,2,44,8,0.582190404867545,18
FD002,2,44,9,0.33814745317548983,18
FD002,2,23,0,0.34772168574815604,18
FD002,2,23,1,0.37788111709452554,18
FD002,2,23,2,0.525709710378452,18
FD002,2,23,3,0.15676579151475165,18
FD002,2,23,4,1.1878587466680952,18
FD002,2,23,5,0.9390830589013572,18
FD002,2,23,6,1.4199407860612976,18
FD002,2,23,7,0.799570845758981,18
FD002,2,23,8,1.2630072104548273,18
FD002,2,23,9,1.1029690069530629,19
FD002,2,73,0,0.6950712773969943,20
FD002,2,73,1,0.8419735960254365,21
FD002,2,73,2,0.7030624890993727,21
FD002,2,73,3,1.095788131815759,21
FD002,2,73,4,0.35804066214179375,21
FD002,2,73,5,0.1966290548549457,21
FD002,2,73,6,0.21218080679969914,21
FD002,2,73,7,0.18893063427923187,21
FD002,2,73,8,0.5102878182909837,21
FD002,2,73,9,1.608802255483181,21
FD002,2,16,0,0.429598069457376,12
FD002,2,16,1,1.0163525832904055,12
FD002,2,16,2,2.2293501264242104,13
FD002,2,16,3,2.6867604312292404,12
FD002,2,16,4,1.9539212430975903,12
FD002,2,16,5,2.6653056049696287,13
FD002,2,16,6,1.712171603709798,12
FD002,2,16,7,1.3421782875627557,13
FD002,2,16,8,0.7689370399921056,12
FD002,2,16,9,0.791845876642675,13
FD002,2,169,0,0.9744483986536532,15
FD002,2,169,1,0.6468970104229105,15
FD002,2,169,2,0.7949762783992369,16
FD002,2,169,3,0.5693145459802997,15
FD002,2,169,4,1.0208387575715474,16
FD002,2,169,5,1.4205827450559223,16
FD002,2,169,6,0.7587813882252677,15
FD002,2,169,7,1.0537298500143142,15
FD002,2,169,8,0.3835584368737808,16
FD002,2,169,9,0.20657796725564018,16
FD002,3,67,0,1.4903669124715881,11
FD002,3,67,1,2.8968520119713435,11
FD002,3,67,2,1.7263951303585885,12
FD002,3,67,3,3.2269716806544344,11
FD002,3,67,4,3.498989281523016,12
FD002,3,67,5,1.1995821194080907,12
FD002,3,67,6,1.4995167601027013,11
FD002,3,67,7,1.7492051066935483,11
FD002,3,67,8,1.5635787933821303,12
FD002,3,67,9,1.6273936480387579,12
FD002,3,151,0,0.5746816539194117,14
FD002,3,151,1,0.3793438128512037,15
FD002,3,151,2,0.19614791915156432,15
FD002,3,151,3,0.08322424773454436,14
FD002,3,151,4,0.348903278404086,15
FD002,3,151,5,2.865024570412142,15
FD002,3,151,6,0.654026026686852,14
FD002,3,151,7,1.2791972530741698,15
FD002,3,151,8,0.60077162144538,15
FD002,3,151,9,0.4209725621051364,15
FD002,3,219,0,0.29592250412624027,12
FD002,3,219,1,0.4241344172438679,13
FD002,3,219,2,0.5590506381195959,12
FD002,3,219,3,0.8297213134567856,13
FD002,3,219,4,0.5847458630436266,12
FD002,3,219,5,1.0509008165678955,13
FD002,3,219,6,1.0385458566985595,13
FD002,3,219,7,1.202385879888658,12
FD002,3,219,8,1.216551597767541,13
FD002,3,219,9,1.0140181656239022,13
FD002,3,82,0,1.1406136360146577,16
FD002,3,82,1,1.5229525285810641,17
FD002,3,82,2,2.168117455285964,18
FD002,3,82,3,1.1089422205235067,16
FD002,3,82,4,0.39359394535800535,17
FD002,3,82,5,2.160492921849347,18
FD002,3,82,6,1.1983762957971422,17
FD002,3,82,7,1.0694037292171565,16
FD002,3,82,8,0.5597673912920279,17
FD002,3,82,9,0.6748136232266645,18
FD002,3,27,0,0.5935570130700079,14
FD002,3,27,1,0.5128203992821234,15
FD002,3,27,2,0.16080881390228907,14
FD002,3,27,3,2.5243920205026087,15
FD002,3,27,4,0.6227150799545308,14
FD002,3,27,5,1.9398604100381527,15
FD002,3,27,6,1.9004979775473663,15
FD002,3,27,7,0.8129627363496357,14
FD002,3,27,8,0.6159773374591468,15
FD002,3,27,9,0.30756761232173047,15
FD002,3,143,0,0.6957365035902637,13
FD002,3,143,1,0.49582202359416655,14
FD002,3,143,2,0.26911125121286106,13
FD002,3,143,3,0.5651426328812158,14
FD002,3,143,4,1.3947896640772781,13
FD002,3,143,5,1.357625905639917,14
FD002,3,143,6,0.354978685756556,14
FD002,3,143,7,1.455530142279365,13
FD002,3,143,8,0.8896122963476292,14
FD002,3,143,9,0.9187852950910378,14
FD002,3,168,0,0.5584958115348986,18
FD002,3,168,1,0.6286026498802526,19
FD002,3,168,2,0.5468105372246823,19
FD002,3,168,3,0.5136109840817396,18
FD002,3,168,4,0.2507489548632385,19
FD002,3,168,5,0.2030097134391433,19
FD002,3,168,6,0.957368972049208,18
FD002,3,168,7,0.5803888049046221,19
FD002,3,168,8,1.371823374866733,19
FD002,3,168,9,0.8387160470439617,19
FD002,3,94,0,0.4004107949698891,27
FD002,3,94,1,0.5660550981231482,28
FD002,3,94,2,0.5610980947711366,27
FD002,3,94,3,0.6337050994784026,28
FD002,3,94,4,0.7240833654474687,27
FD002,3,94,5,1.0753247233026433,28
FD002,3,94,6,0.4612713080355734,28
FD002,3,94,7,0.4353502158090913,27
FD002,3,94,8,0.8616739755190796,28
FD002,3,94,9,0.4380013528702566,28
FD002,3,173,0,0.7381755127702465,12
FD002,3,173,1,2.007558249731147,12
FD002,3,173,2,2.5884439446563605,12
FD002,3,173,3,3.4382603312680438,12
FD002,3,173,4,2.2681797231748027,12
FD002,3,173,5,1.76559941756731,12
FD002,3,173,6,1.3810168144659452,12
FD002,3,173,7,1.423250397715062,12
FD002,3,173,8,1.289347084105619,12
FD002,3,173,9,1.2558597779697616,13
FD002,3,149,0,0.6957312535060141,25
FD002,3,149,1,0.5143193849330969,26
FD002,3,149,2,0.6503947510871416,26
FD002,3,149,3,0.9194628080965632,26
FD002,3,149,4,0.8782937604583729,26
FD002,3,149,5,1.311450998056702,26
FD002,3,149,6,0.5084725030190201,26
FD002,3,149,7,1.0638320664445207,26
FD002,3,149,8,0.7560696102909991,26
FD002,3,149,9,0.8157762196332283,26
FD002,3,225,0,0.5512306505403761,12
FD002,3,225,1,0.18655696895580362,13
FD002,3,225,2,0.28563529940792654,12
FD002,3,225,3,0.8368386130372572,13
FD002,3,225,4,0.751112527734521,12
FD002,3,225,5,1.740533743995718,13
FD002,3,225,6,0.846254054404959,13
FD002,3,225,7,1.0881784409808375,12
FD002,3,225,8,0.7646767984095877,13
FD002,3,225,9,0.9904364924544472,13
FD002,3,167,0,0.6610294905091647,20
FD002,3,167,1,0.5893136709231648,20
FD002,3,167,2,0.6816332275345038,20
FD002,3,167,3,0.6402512001442346,20
FD002,3,167,4,0.49349009808829647,20
FD002,3,167,5,0.16918395030186079,21
FD002,3,167,6,0.5486057201768852,20
FD002,3,167,7,0.525883313169407,20
FD002,3,167,8,1.4681419165830534,20
FD002,3,167,9,0.9790614717176147,21
FD002,3,120,0,2.0522701652471618,9
FD002,3,120,1,0.5927798677844287,10
FD002,3,120,2,0.563486729300432,10
FD002,3,120,3,1.701695059650919,10
FD002,3,120,4,1.3208546320084296,10
FD002,3,120,5,0.8910501842031167,10
FD002,3,120,6,1.5429142634986626,10
FD002,3,120,7,1.7455237252352602,10
FD002,3,120,8,0.9923118893749032,10
FD002,3,120,9,0.18347383037245796,10
FD002,3,150,0,0.5362484966139178,19
FD002,3,150,1,0.47820369242868,19
FD002,3,150,2,0.37148291929340665,19
FD002,3,150,3,0.4407925507301408,19
FD002,3,150,4,0.9209920614139312,19
FD002,3,150,5,0.4681697157936823,20
FD002,3,150,6,0.9430930265360157,19
FD002,3,150,7,0.5442716221872314,19
FD002,3,150,8,0.8551626195887949,19
FD002,3,150,9,0.18845530850584746,20
FD002,3,139,0,0.5665174183716524,16
FD002,3,139,1,0.6855132275136258,16
FD002,3,139,2,0.9297710338701457,17
FD002,3,139,3,0.2852650899657192,16
FD002,3,139,4,0.8516387092632173,16
FD002,3,139,5,0.7730965691592362,17
FD002,3,139,6,0.72559850959211,16
FD002,3,139,7,0.19184316626696052,17
FD002,3,139,8,0.7088743734452827,16
FD002,3,139,9,1.0129792065754883,17
FD002,3,170,0,0.4409423298355752,14
FD002,3,170,1,0.49865313249507315,15
FD002,3,170,2,0.17764839594820991,15
FD002,3,170,3,0.7025316779767246,15
FD002,3,170,4,0.2976847652456281,15
FD002,3,170,5,1.7189257647930347,15
FD002,3,170,6,0.8235803616392455,15
FD002,3,170,7,1.0225737421673142,15
FD002,3,170,8,0.8162611756351895,15
FD002,3,170,9,0.8371684432743642,15
FD002,3,259,0,0.46761698094918197,17
FD002,3,259,1,0.4170159736264059,17
FD002,3,259,2,0.23897499135913713,18
FD002,3,259,3,0.15313043907733573,17
FD002,3,259,4,0.8067255795469824,18
FD002,3,259,5,0.8963823773907942,18
FD002,3,259,6,1.1922603095355333,17
FD002,3,259,7,0.6618342273517113,17
FD002,3,259,8,1.228562281278855,18
FD002,3,259,9,1.5350536175818879,18
FD002,3,108,0,0.8697679997116097,12
FD002,3,108,1,0.19423526545151332,13
FD002,3,108,2,0.6571427455497383,12
FD002,3,108,3,0.7921978370315772,13
FD002,3,108,4,0.7846506537658894,12
FD002,3,108,5,0.6547764283604118,13
FD002,3,108,6,1.2242931316275782,13
FD002,3,108,7,1.1665938405652683,12
FD002,3,108,8,0.9346406450398961,13
FD002,3,108,9,0.6259925383223787,13
FD002,3,203,0,0.7857211725775508,23
FD002,3,203,1,0.740224357341839,24
FD002,3,203,2,0.8416772367090402,24
FD002,3,203,3,0.8722082018500948,24
FD002,3,203,4,1.7300817488651248,24
FD002,3,203,5,1.0847427940695764,24
FD002,3,203,6,1.3111896731433352,24
FD002,3,203,7,2.0552640370782664,24
FD002,3,203,8,0.6634719907352205,24
FD002,3,203,9,1.6134929479872735,24
FD002,3,148,0,0.8513477073957305,24
FD002,3,148,1,1.0018034492617447,25
FD002,3,148,2,1.2109070449014394,25
FD002,3,148,3,1.7024712722998765,25
FD002,3,148,4,1.8132720587804922,25
FD002,3,148,5,2.139116291916663,25
FD002,3,148,6,2.3049017219366235,25
FD002,3,148,7,1.5806463517806917,25
FD002,3,148,8,1.765797101007029,25
FD002,3,148,9,1.2534186514822843,25
FD002,3,254,0,0.5447199817502035,22
FD002,3,254,1,0.5277090873838174,23
FD002,3,254,2,0.5170026981035427,24
FD002,3,254,3,0.7721587350903608,22
FD002,3,254,4,0.5628833904017758,23
FD002,3,254,5,0.2679062965099773,24
FD002,3,254,6,1.7900137934961347,23
FD002,3,254,7,0.5615925188549011,22
FD002,3,254,8,0.2703724568253604,23
FD002,3,254,9,0.260359576697221,24
FD002,3,22,0,0.7037266272361278,16
FD002,3,22,1,0.5707925743677387,16
FD002,3,22,2,0.3911069229617474,16
FD002,3,22,3,0.636466083828799,16
FD002,3,22,4,1.3960139847152964,16
FD002,3,22,5,0.6743409435887096,17
FD002,3,22,6,0.9944207968692312,16
FD002,3,22,7,1.966174274200346,16
FD002,3,22,8,0.9801850032999488,16
FD002,3,22,9,0.5677324823766198,17
FD002,3,257,0,0.37347388573931756,27
FD002,3,257,1,0.586776701138429,28
FD002,3,257,2,0.4549960039666229,28
FD002,3,257,3,0.5685555003962741,28
FD002,3,257,4,0.5479580975136198,28
FD002,3,257,5,0.8142269092355329,28
FD002,3,257,6,0.24049894840799851,28
FD002,3,257,7,0.6317952658022447,28
FD002,3,257,8,0.324185795863366,28
FD002,3,257,9,0.19884334999124706,28
FD002,3,132,0,0.699403545568897,15
FD002,3,132,1,0.7257390412536766,15
FD002,3,132,2,0.25438298330365683,15
FD002,3,132,3,0.4320843262745102,16
FD002,3,132,4,1.0084778428984564,15
FD002,3,132,5,1.2458183764824293,15
FD002,3,132,6,0.4576126425695414,16
FD002,3,132,7,0.5156557345989404,15
FD002,3,132,8,1.270081062374128,15
FD002,3,132,9,0.7626202088767009,16
FD002,3,250,0,0.645057787092983,15
FD002,3,250,1,0.5184205659408685,15
FD002,3,250,2,0.4674015530087529,16
FD002,3,250,3,1.3280870419917903,15
FD002,3,250,4,0.34991669904897105,15
FD002,3,250,5,2.5247193409183195,16
FD002,3,250,6,2.868481994418368,15
FD002,3,250,7,0.5600093163334646,16
FD002,3,250,8,1.6759622757785013,15
FD002,3,250,9,1.4608843310265738,16
FD002,3,153,0,0.6816731610116414,26
FD002,3,153,1,0.8766899871313137,26
FD002,3,153,2,0.7425237369092168,26
FD002,3,153,3,0.8951087498065808,26
FD002,3,153,4,0.8228111404938037,26
FD002,3,153,5,1.089871165054038,27
FD002,3,153,6,0.23550230027075725,26
FD002,3,153,7,1.9824034332675484,26
FD002,3,153,8,0.8096224074324023,26
FD002,3,153,9,0.4821921407422188,27
FD002,4,22,0,1.0536635324495016,16
FD002,4,22,1,1.0543165510601988,16
FD002,4,22,2,0.976453480800028,16
FD002,4,22,3,0.5908663478471488,16
FD002,4,22,4,0.1955239774536795,16
FD002,4,22,5,0.20757465226203245,17
FD002,4,22,6,0.5903132650661517,16
FD002,4,22,7,0.9766593071035421,16
FD002,4,22,8,1.3650885322614656,16
FD002,4,22,9,1.761880319151222,17
FD002,4,248,0,1.0565461130581668,20
FD002,4,248,1,1.056543185812827,20
FD002,4,248,2,1.0590195736631665,21
FD002,4,248,3,1.0601779526942794,20
FD002,4,248,4,0.7520752295253502,20
FD002,4,248,5,0.2599140696438731,21
FD002,4,248,6,0.22777646416317718,20
FD002,4,248,7,0.7313129618516251,21
FD002,4,248,8,1.2138951054816283,20
FD002,4,248,9,1.6881387910188126,21
FD002,4,1,0,0.7607270155159512,11
FD002,4,1,1,0.4954088108273059,12
FD002,4,1,2,0.20153859704084304,12
FD002,4,1,3,0.08438996899783828,12
FD002,4,1,4,0.3644844927338385,12
FD002,4,1,5,0.6569978297680483,12
FD002,4,1,6,0.9304638212960472,12
FD002,4,1,7,1.2359745537460762,12
FD002,4,1,8,1.5420308944770191,12
FD002,4,1,9,1.8351950413304232,12
FD002,4,132,0,1.053513695082822,15
FD002,4,132,1,1.0586772295893303,15
FD002,4,132,2,0.8204600804181813,15
FD002,4,132,3,0.4494766666424765,16
FD002,4,132,4,0.09315935238347887,15
FD002,4,132,5,0.28707339928120434,15
FD002,4,132,6,0.6593415594326548,16
FD002,4,132,7,1.0404177446944187,15
FD002,4,132,8,1.4134709684618514,15
FD002,4,132,9,1.7486645823962434,16
FD002,4,53,0,0.7613673772997284,11
FD002,4,53,1,0.46889841751798556,12
FD002,4,53,2,0.18144526861118948,12
FD002,4,53,3,0.11430031082906614,12
FD002,4,53,4,0.4016750492151065,11
FD002,4,53,5,0.6503639211740153,12
FD002,4,53,6,0.9349273266556208,12
FD002,4,53,7,1.2253986549817366,12
FD002,4,53,8,1.5158523650194138,12
FD002,4,53,9,1.8235132973557477,12
FD002,4,235,0,1.0574736821455188,15
FD002,4,235,1,1.055595522568193,15
FD002,4,235,2,0.8150267244947685,15
FD002,4,235,3,0.4390828481140251,16
FD002,4,235,4,0.09290979161045888,15
FD002,4,235,5,0.2916668250979409,15
FD002,4,235,6,0.6550566644268765,16
FD002,4,235,7,1.0462473098533833,15
FD002,4,235,8,1.4024845819002834,15
FD002,4,235,9,1.7469430928101621,16
FD002,4,127,0,1.0606560042080626,22
FD002,4,127,1,1.052327775203628,23
FD002,4,127,2,1.0580569833881017,22
FD002,4,127,3,1.051860619869401,23
FD002,4,127,4,1.0254408567254552,22
FD002,4,127,5,0.5205006536030073,23
FD002,4,127,6,0.1331770695792203,23
FD002,4,127,7,0.5792892176721294,22
FD002,4,127,8,1.1132549652787247,23
FD002,4,127,9,1.6621362803435913,23
FD002,4,39,0,1.0534398159958878,18
FD002,4,39,1,1.052159715461625,18
FD002,4,39,2,1.0598201530087472,19
FD002,4,39,3,0.9028805514423267,18
FD002,4,39,4,0.484310222411447,18
FD002,4,39,5,0.11826493120790824,19
FD002,4,39,6,0.39124358332257325,18
FD002,4,39,7,0.8417559040653206,19
FD002,4,39,8,1.275530114641183,18
FD002,4,39,9,1.740844211368351,19
FD002,4,45,0,0.8158187621296867,12
FD002,4,45,1,0.53040509327707,12
FD002,4,45,2,0.22805358179951826,12
FD002,4,45,3,0.07773581956745904,12
FD002,4,45,4,0.35116869407411977,12
FD002,4,45,5,0.6324012293442192,12
FD002,4,45,6,0.9396894711214228,12
FD002,4,45,7,1.2070693285910092,12
FD002,4,45,8,1.5188787694922983,12
FD002,4,45,9,1.789733481551557,13
FD002,4,179,0,1.061943757941823,15
FD002,4,179,1,1.0539321810472355,15
FD002,4,179,2,0.7684883620798427,15
FD002,4,179,3,0.4128056452989171,15
FD002,4,179,4,0.07882149777784123,15
FD002,4,179,5,0.30040358783295396,15
FD002,4,179,6,0.6531519856612309,15
FD002,4,179,7,1.0329855648872568,15
FD002,4,179,8,1.4069120422715269,15
FD002,4,179,9,1.7465007777828574,16
FD002,4,165,0,1.052446665189146,13
FD002,4,165,1,0.8132395478663587,13
FD002,4,165,2,0.4977531234279877,14
FD002,4,165,3,0.17937159228504856,13
FD002,4,165,4,0.15595805595590337,14
FD002,4,165,5,0.48960485282870847,14
FD002,4,165,6,0.8157214578860332,13
FD002,4,165,7,1.1465968379157703,13
FD002,4,165,8,1.4436331001708096,14
FD002,4,165,9,1.794061491092525,14
FD002,4,105,0,1.0566514032736827,27
FD002,4,105,1,1.0650207229346222,27
FD002,4,105,2,1.0559233440077929,27
FD002,4,105,3,1.0555749495960614,28
FD002,4,105,4,1.0528355949336312,27
FD002,4,105,5,1.01820269558535,27
FD002,4,105,6,0.3509483882089698,28
FD002,4,105,7,0.3135355635347908,27
FD002,4,105,8,0.9313497341173954,27
FD002,4,105,9,1.6377368658018499,28
FD002,4,58,0,1.0440109385505005,13
FD002,4,58,1,0.7463643532740902,13
FD002,4,58,2,0.4363941789665598,13
FD002,4,58,3,0.1253041674652806,13
FD002,4,58,4,0.18371080293103892,13
FD002,4,58,5,0.5144960451040294,14
FD002,4,58,6,0.8376241372282394,13
FD002,4,58,7,1.1761598665961865,13
FD002,4,58,8,1.4653072095041315,13
FD002,4,58,9,1.7982167670826585,14
FD002,4,184,0,1.0589069868000547,14
FD002,4,184,1,0.9246458824315903,14
FD002,4,184,2,0.5909848706099595,14
FD002,4,184,3,0.24894399523865707,14
FD002,4,184,4,0.08647865120129519,14
FD002,4,184,5,0.4073364739938262,14
FD002,4,184,6,0.7512066121768777,14
FD002,4,184,7,1.090811042455171,14
FD002,4,184,8,1.4397682387645228,14
FD002,4,184,9,1.7656671853994963,15
FD002,4,56,0,1.0434720090384717,13
FD002,4,56,1,0.7662874379124288,13
FD002,4,56,2,0.472358855832089,13
FD002,4,56,3,0.12360137562363507,14
FD002,4,56,4,0.18276302165757063,13
FD002,4,56,5,0.5051023021352349,13
FD002,4,56,6,0.8298514285992384,14
FD002,4,56,7,1.1526476154534036,13
FD002,4,56,8,1.4933378349228774,13
FD002,4,56,9,1.7801990095424558,14
FD002,4,95,0,1.05521676267557,16
FD002,4,95,1,1.0522841072498044,17
FD002,4,95,2,1.0407188611522415,17
FD002,4,95,3,0.682894588767224,17
FD002,4,95,4,0.2814867795738584,16
FD002,4,95,5,0.12419944748839506,17
FD002,4,95,6,0.5196922343581141,17
FD002,4,95,7,0.9329326846022022,17
FD002,4,95,8,1.3372879907839148,17
FD002,4,95,9,1.7374984217757978,17
FD002,4,110,0,1.052756422699972,19
FD002,4,110,1,1.0547497465810214,19
FD002,4,110,2,1.0637847259334163,19
FD002,4,110,3,1.0404232529018582,19
FD002,4,110,4,0.5776111057595853,19
FD002,4,110,5,0.11135843782223764,19
FD002,4,110,6,0.34440690331958623,19
FD002,4,110,7,0.7868383117037894,19
FD002,4,110,8,1.240839738518859,19
FD002,4,110,9,1.6911650324886354,20
FD002,4,104,0,1.0584124847872398,19
FD002,4,104,1,1.0544822954023259,20
FD002,4,104,2,1.0665622898607279,20
FD002,4,104,3,1.049445175280559,20
FD002,4,104,4,0.69126161279165,19
FD002,4,104,5,0.19949006562862465,20
FD002,4,104,6,0.2785925853046997,20
FD002,4,104,7,0.7628972259622768,20
FD002,4,104,8,1.231606278249322,20
FD002,4,104,9,1.7011345046099713,20
FD002,4,59,0,1.0529699064252789,16
FD002,4,59,1,1.0526080209557835,16
FD002,4,59,2,1.0035515091650338,17
FD002,4,59,3,0.6143146277602791,16
FD002,4,59,4,0.23504126859729196,16
FD002,4,59,5,0.16995082358417804,17
FD002,4,59,6,0.5657535586425246,16
FD002,4,59,7,0.9953533193313185,17
FD002,4,59,8,1.37026947413014,16
FD002,4,59,9,1.777121164965567,17
FD002,4,138,0,1.0501606377576498,16
FD002,4,138,1,1.0601316741075182,17
FD002,4,138,2,1.0418452990328522,18
FD002,4,138,3,0.6984590714191229,16
FD002,4,138,4,0.31335971129436824,17
FD002,4,138,5,0.12019697978512686,18
FD002,4,138,6,0.5227148333086005,17
FD002,4,138,7,0.9210859618174676,16
FD002,4,138,8,1.3085013397090157,17
FD002,4,138,9,1.7648164605259573,18
FD002,4,51,0,1.0574182945879989,26
FD002,4,51,1,1.0561128011863588,26
FD002,4,51,2,1.0560866107765352,26
FD002,4,51,3,1.057194718685732,27
FD002,4,51,4,1.0578126583677534,26
FD002,4,51,5,0.9072564622954358,26
FD002,4,51,6,0.2710099899535112,27
FD002,4,51,7,0.37956000150434427,26
FD002,4,51,8,1.001419377896534,26
FD002,4,51,9,1.6534219342861014,27
FD002,4,201,0,1.056596697935976,16
FD002,4,201,1,1.0578547111141803,16
FD002,4,201,2,0.9526089396355478,16
FD002,4,201,3,0.571536782762759,16
FD002,4,201,4,0.17844284280806028,16
FD002,4,201,5,0.1984644065673392,16
FD002,4,201,6,0.5789648601783117,16
FD002,4,201,7,0.9786149851307375,16
FD002,4,201,8,1.3550354948665753,16
FD002,4,201,9,1.750371067322226,17
FD002,4,88,0,1.0566196130301273,33
FD002,4,88,1,1.0617012492853686,33
FD002,4,88,2,1.053905968623495,34
FD002,4,88,3,1.05533284678598,33
FD002,4,88,4,1.0570659420038488,34
FD002,4,88,5,1.0470944290590456,34
FD002,4,88,6,0.8554543317140659,33
FD002,4,88,7,0.19459080610648177,33
FD002,4,88,8,0.736094660826254,34
FD002,4,88,9,1.5359685450850025,34
FD002,4,198,0,1.0577143385266685,17
FD002,4,198,1,1.0608805553171783,17
FD002,4,198,2,1.0540492033235167,18
FD002,4,198,3,0.7992294246234347,17
FD002,4,198,4,0.36494227507399013,18
FD002,4,198,5,0.10849537605565188,18
FD002,4,198,6,0.4715197306326261,17
FD002,4,198,7,0.8777233515570244,17
FD002,4,198,8,1.3039151590270825,18
FD002,4,198,9,1.718489156389972,18
FD002,4,175,0,1.0503995061478169,17
FD002,4,175,1,1.0518884930121588,17
FD002,4,175,2,1.0425842877050695,17
FD002,4,175,3,0.757305588654529,17
FD002,4,175,4,0.3468351963284358,17
FD002,4,175,5,0.11084490956313775,18
FD002,4,175,6,0.5006539259821351,17
FD002,4,175,7,0.9221379203789267,17
FD002,4,175,8,1.3073657866118078,17
FD002,4,175,9,1.7320407950476566,18
FD002,4,123,0,1.0608817716544863,19
FD002,4,123,1,1.0562332125993719,20
FD002,4,123,2,1.0542518898711117,19
FD002,4,123,3,1.0527389716263795,20
FD002,4,123,4,0.6341568579865151,19
FD002,4,123,5,0.17811187888567703,20
FD002,4,123,6,0.3037513649033318,20
FD002,4,123,7,0.7760362126353963,19
FD002,4,123,8,1.2346367345502212,20
FD002,4,123,9,1.7211792746549952,20
FD003,0,88,0,0.250774619747396,29
FD003,0,88,1,0.15268672239011832,29
FD003,0,88,2,0.2492448158108169,29
FD003,0,88,3,0.47124869453288853,29
FD003,0,88,4,0.33798271680409164,29
FD003,0,88,5,0.49940914611024834,30
FD003,0,88,6,0.9228874458163597,29
FD003,0,88,7,0.6656681181324865,29
FD003,0,88,8,0.36472437397690466,29
FD003,0,88,9,0.5573416509829083,30
FD003,0,37,0,0.09760593715359889,29
FD003,0,37,1,0.18739719605036778,29
FD003,0,37,2,0.09940477700821615,30
FD003,0,37,3,0.23788881500857023,29
FD003,0,37,4,0.485170404542829,29
FD003,0,37,5,0.4507896669363194,30
FD003,0,37,6,1.1232365159844564,29
FD003,0,37,7,0.7137671520621467,30
FD003,0,37,8,0.4902682688749776,29
FD003,0,37,9,0.3095989005070623,30
FD003,0,22,0,0.41821133699495716,16
FD003,0,22,1,0.48558361608822015,16
FD003,0,22,2,0.9265727707102323,16
FD003,0,22,3,0.4166680755470163,16
FD003,0,22,4,0.17503599242568524,16
FD003,0,22,5,1.499235186891584,17
FD003,0,22,6,1.2313233204501526,16
FD003,0,22,7,0.7050983150308685,16
FD003,0,22,8,0.246862305083758,16
FD003,0,22,9,0.3168384100192946,17
FD003,0,84,0,0.10296549944088937,19
FD003,0,84,1,0.4897382240264161,20
FD003,0,84,2,0.3028314887670829,19
FD003,0,84,3,0.3348343518205552,20
FD003,0,84,4,2.0758891764255476,19
FD003,0,84,5,2.1807171551478546,20
FD003,0,84,6,2.1439828518360744,20
FD003,0,84,7,0.3891570483555737,19
FD003,0,84,8,0.20941853028464325,20
FD003,0,84,9,0.18359141503765447,20
FD003,0,10,0,0.13916532148930152,45
FD003,0,10,1,0.1187425104993386,45
FD003,0,10,2,0.10700936733703145,45
FD003,0,10,3,0.10652147857561459,45
FD003,0,10,4,0.16486408872581612,45
FD003,0,10,5,0.3301662274853841,45
FD003,0,10,6,0.6567491093891269,45
FD003,0,10,7,1.07746251927421,45
FD003,0,10,8,0.4816424368957649,45
FD003,0,10,9,0.36702931968331487,46
FD003,0,97,0,0.14024222591245333,24
FD003,0,97,1,0.19033670536387076,24
FD003,0,97,2,0.22519432405550402,25
FD003,0,97,3,0.1877229217716251,24
FD003,0,97,4,0.3061524002354499,25
FD003,0,97,5,0.4218384241432199,25
FD003,0,97,6,1.2652605143350026,24
FD003,0,97,7,0.23426347958408839,24
FD003,0,97,8,0.18531722487568394,25
FD003,0,97,9,0.6528513045163226,25
FD003,0,68,0,0.09530161225720787,17
FD003,0,68,1,0.6436975218363485,17
FD003,0,68,2,0.3930404125048033,17
FD003,0,68,3,1.1664103120975782,17
FD003,0,68,4,1.3374796750983373,17
FD003,0,68,5,0.8883645154857984,17
FD003,0,68,6,0.27713982101255435,17
FD003,0,68,7,0.2643639469975268,17
FD003,0,68,8,0.32076386868903317,17
FD003,0,68,9,0.5934412289283126,18
FD003,0,65,0,0.14028257543274042,20
FD003,0,65,1,0.40206967865222815,20
FD003,0,65,2,0.3037222142139372,21
FD003,0,65,3,0.667999151926335,20
FD003,0,65,4,0.6152302114235163,20
FD003,0,65,5,0.32685475025726335,21
FD003,0,65,6,0.6932651088353965,20
FD003,0,65,7,0.23428048761394,21
FD003,0,65,8,0.695043909845019,20
FD003,0,65,9,0.6677259211792937,21
FD003,0,48,0,1.1599317825862605,14
FD003,0,48,1,0.9026231981925166,14
FD003,0,48,2,0.5605713093970467,15
FD003,0,48,3,1.9716242130980894,14
FD003,0,48,4,0.6137535064527357,14
FD003,0,48,5,0.2332667715030771,15
FD003,0,48,6,0.30755643287458534,14
FD003,0,48,7,0.7771781519548926,15
FD003,0,48,8,0.7523872612078979,14
FD003,0,48,9,0.3414952257187236,15
FD003,0,45,0,0.14924543116515923,17
FD003,0,45,1,0.10124781242217985,17
FD003,0,45,2,0.1264690975502612,18
FD003,0,45,3,1.1721348603197006,17
FD003,0,45,4,0.7207972988691835,18
FD003,0,45,5,3.7091447029602667,18
FD003,0,45,6,1.0063886455530044,17
FD003,0,45,7,0.7447334012043696,17
FD003,0,45,8,0.1727082936335333,18
FD003,0,45,9,0.30811854432238683,18
FD003,1,2,0,0.1614567524016996,22
FD003,1,2,1,0.16999419727809345,22
FD003,1,2,2,0.13581478912435763,22
FD003,1,2,3,0.17460519361394097,23
FD003,1,2,4,0.31140326218149844,22
FD003,1,2,5,1.5868943664598474,22
FD003,1,2,6,1.7771983045057989,23
FD003,1,2,7,0.7207022253491342,22
FD003,1,2,8,0.6641219062216894,22
FD003,1,2,9,0.37090298735842714,23
FD003,1,17,0,0.22348114028755947,28
FD003,1,17,1,0.18231470976195463,28
FD003,1,17,2,0.16625930634567898,28
FD003,1,17,3,0.13180861632543941,28
FD003,1,17,4,0.14764096246533714,28
FD003,1,17,5,0.5769601419069476,29
FD003,1,17,6,0.47258617381150947,28
FD003,1,17,7,0.6694960456219725,28
FD003,1,17,8,0.4671253140047859,28
FD003,1,17,9,0.23706205715933712,29
FD003,1,65,0,0.09663790150366758,20
FD003,1,65,1,0.10984867679086843,20
FD003,1,65,2,0.09720015233469252,21
FD003,1,65,3,0.502035939701507,20
FD003,1,65,4,0.39636915289298613,20
FD003,1,65,5,0.5509769084418372,21
FD003,1,65,6,0.768051715481975,20
FD003,1,65,7,0.4290150881630287,21
FD003,1,65,8,0.5996658435817998,20
FD003,1,65,9,0.8279123895043059,21
FD003,1,80,0,0.08945991775971321,11
FD003,1,80,1,0.28644934862281624,12
FD003,1,80,2,0.777950610645038,12
FD003,1,80,3,1.774686220594696,11
FD003,1,80,4,1.6248748567355542,12
FD003,1,80,5,1.364686306913875,12
FD003,1,80,6,1.5460336025284749,11
FD003,1,80,7,0.565755550290178,12
FD003,1,80,8,0.6646618352134912,12
FD003,1,80,9,0.5029293614979431,12
FD003,1,6,0,1.1215076826045236,24
FD003,1,6,1,0.6974481032094979,25
FD003,1,6,2,0.8446193363966443,25
FD003,1,6,3,1.2793894618664226,25
FD003,1,6,4,2.2225598441639294,24
FD003,1,6,5,1.3259406654641879,25
FD003,1,6,6,1.3041418997121892,25
FD003,1,6,7,0.9401770250223891,25
FD003,1,6,8,0.8265841380688619,25
FD003,1,6,9,0.2079792149636957,25
FD003,1,76,0,0.49115877663417695,12
FD003,1,76,1,0.6422657069421731,12
FD003,1,76,2,2.206593571481702,12
FD003,1,76,3,1.122854496785362,13
FD003,1,76,4,2.4799273601699214,12
FD003,1,76,5,1.5555184772315653,12
FD003,1,76,6,0.3939245784795881,13
FD003,1,76,7,0.5919796117610572,12
FD003,1,76,8,0.42622511041772343,12
FD003,1,76,9,0.2232974527355778,13
FD003,1,10,0,0.10763063701301344,45
FD003,1,10,1,0.09300948780308671,45
FD003,1,10,2,0.10126426519398556,45
FD003,1,10,3,0.14787966602601113,45
FD003,1,10,4,0.16035472787890417,45
FD003,1,10,5,0.1671155018342784,45
FD003,1,10,6,0.27278401281678766,45
FD003,1,10,7,1.5847290945141999,45
FD003,1,10,8,0.5015570937769555,45
FD003,1,10,9,0.34146096699184436,46
FD003,1,73,0,0.1595351158835533,18
FD003,1,73,1,0.09726489296462908,18
FD003,1,73,2,0.14328286590950268,19
FD003,1,73,3,0.24002284861144124,18
FD003,1,73,4,0.7023147066045171,19
FD003,1,73,5,1.981825580634784,19
FD003,1,73,6,0.30996970843903104,18
FD003,1,73,7,0.44102095636040406,18
FD003,1,73,8,0.5986657187813832,19
FD003,1,73,9,0.24480658721547588,19
FD003,1,13,0,0.7654853694263842,15
FD003,1,13,1,1.3510758494331419,15
FD003,1,13,2,0.395719450599028,16
FD003,1,13,3,0.3834074494561518,15
FD003,1,13,4,0.3913486343955801,16
FD003,1,13,5,0.4017175400620088,16
FD003,1,13,6,0.2534836550429065,15
FD003,1,13,7,0.639224601654055,15
FD003,1,13,8,1.5098892774230293,16
FD003,1,13,9,0.4186479028786325,16
FD003,1,38,0,0.16559885307323244,17
FD003,1,38,1,0.1354819302334379,17
FD003,1,38,2,0.17512867736438467,17
FD003,1,38,3,1.7426685181195123,17
FD003,1,38,4,1.462676040784372,17
FD003,1,38,5,2.193921493278129,17
FD003,1,38,6,1.0562398395163997,17
FD003,1,38,7,0.9884728067712115,17
FD003,1,38,8,0.6619880103795289,17
FD003,1,38,9,0.20787298070917481,18
FD003,2,50,0,0.28016244573031496,13
FD003,2,50,1,0.3468405949302218,13
FD003,2,50,2,1.787603008481908,13
FD003,2,50,3,2.3103865375805475,13
FD003,2,50,4,2.4065048528931072,13
FD003,2,50,5,2.584790124562642,13
FD003,2,50,6,0.8547426332093558,13
FD003,2,50,7,1.115041555216874,13
FD003,2,50,8,1.7505312795135637,13
FD003,2,50,9,0.4767257837399466,14
FD003,2,35,0,0.15971072570229045,20
FD003,2,35,1,0.17264033596731912,20
FD003,2,35,2,0.2199501349705517,20
FD003,2,35,3,0.3193682755607381,20
FD003,2,35,4,0.6817712013470634,20
FD003,2,35,5,0.552532577854613,20
FD003,2,35,6,0.6289177642160095,20
FD003,2,35,7,0.7936587909280781,20
FD003,2,35,8,0.416713647438901,20
FD003,2,35,9,0.3760936191521,21
FD003,2,8,0,0.5379470186722443,23
FD003,2,8,1,0.6879223801000677,24
FD003,2,8,2,1.0167019952470144,24
FD003,2,8,3,1.2421050832170923,23
FD003,2,8,4,1.5205069672783118,24
FD003,2,8,5,0.8310930887705612,24
FD003,2,8,6,1.3514844091349114,23
FD003,2,8,7,0.2467182867525175,24
FD003,2,8,8,0.5251478059141754,24
FD003,2,8,9,0.7674275764064589,24
FD003,2,76,0,0.25631348718614877,12
FD003,2,76,1,0.4674596433818114,12
FD003,2,76,2,1.8181097717272428,12
FD003,2,76,3,1.0373788340643813,13
FD003,2,76,4,2.422020024273489,12
FD003,2,76,5,1.269375076060336,12
FD003,2,76,6,0.1526985144303625,13
FD003,2,76,7,0.9325811689304324,12
FD003,2,76,8,0.4861891809115188,12
FD003,2,76,9,0.22795015241459532,13
FD003,2,83,0,0.6095533203715224,15
FD003,2,83,1,1.1151735707142072,15
FD003,2,83,2,0.7930175137409117,15
FD003,2,83,3,0.3154861636371805,15
FD003,2,83,4,0.8565129183121796,15
FD003,2,83,5,1.4263507209980097,15
FD003,2,83,6,0.6143204358379364,15
FD003,2,83,7,0.9096936901380503,15
FD003,2,83,8,0.3241132374120722,15
FD003,2,83,9,0.5901962837707289,16
FD003,2,44,0,0.7273553848174865,14
FD003,2,44,1,1.64817834560869,15
FD003,2,44,2,0.3365562864174365,16
FD003,2,44,3,0.39571644409779083,14
FD003,2,44,4,0.9677273446347187,15
FD003,2,44,5,0.8078591873014406,16
FD003,2,44,6,0.410383778720695,15
FD003,2,44,7,0.42786422723577844,14
FD003,2,44,8,0.5128579077232909,15
FD003,2,44,9,0.6612640587188232,16
FD003,2,23,0,0.43866153973462024,16
FD003,2,23,1,0.4783440899704881,17
FD003,2,23,2,0.4677191193451292,16
FD003,2,23,3,0.5877703076806665,17
FD003,2,23,4,0.944617574432117,16
FD003,2,23,5,3.405453071216886,17
FD003,2,23,6,0.4904355204211084,17
FD003,2,23,7,0.5454263319068222,16
FD003,2,23,8,0.9275592005303915,17
FD003,2,23,9,0.5229131287576265,17
FD003,2,73,0,0.16940541852094002,18
FD003,2,73,1,0.1474220618845738,18
FD003,2,73,2,0.20117239100577108,19
FD003,2,73,3,0.3932924244402697,18
FD003,2,73,4,0.9622845910759305,19
FD003,2,73,5,1.4207293089286153,19
FD003,2,73,6,0.19470459842210064,18
FD003,2,73,7,1.4803618455391083,18
FD003,2,73,8,0.5230413287475902,19
FD003,2,73,9,0.2839825241302533,19
FD003,2,16,0,0.12663194372256212,31
FD003,2,16,1,0.13779378028591519,31
FD003,2,16,2,0.13953584070009756,32
FD003,2,16,3,0.11183624812168154,31
FD003,2,16,4,0.5119090849993269,31
FD003,2,16,5,0.9099718644538908,32
FD003,2,16,6,0.6060312421042031,31
FD003,2,16,7,0.46234409325904413,32
FD003,2,16,8,0.5859211124941975,31
FD003,2,16,9,0.26718414165553495,32
FD003,2,41,0,0.14575084758056037,26
FD003,2,41,1,0.12149617193425838,26
FD003,2,41,2,0.2072000839431777,27
FD003,2,41,3,0.0926701841045659,26
FD003,2,41,4,0.34919214744355165,27
FD003,2,41,5,0.6995595726740237,27
FD003,2,41,6,0.6394732877258802,26
FD003,2,41,7,0.5847158516207542,26
FD003,2,41,8,0.5340999181681908,27
FD003,2,41,9,0.26547553812739183,27
FD003,3,11,0,0.053338912229683996,16
FD003,3,11,1,0.1767105905123178,17
FD003,3,11,2,0.15423161161317922,17
FD003,3,11,3,2.6077118018760386,16
FD003,3,11,4,3.6088375062241576,17
FD003,3,11,5,3.5742870120517707,17
FD003,3,11,6,1.73442272534321,16
FD003,3,11,7,1.481570566773986,17
FD003,3,11,8,0.3163640372821658,17
FD003,3,11,9,0.5557107778572982,17
FD003,3,42,0,0.06795753267357223,16
FD003,3,42,1,0.15746685475859917,16
FD003,3,42,2,0.9533802688878932,16
FD003,3,42,3,4.6640719883549355,17
FD003,3,42,4,5.792853234599205,16
FD003,3,42,5,3.1525491821303233,16
FD003,3,42,6,3.1885072957350866,17
FD003,3,42,7,0.8525886096643992,16
FD003,3,42,8,0.1263732801711864,16
FD003,3,42,9,0.5216794337597117,17
FD003,3,75,0,0.1806730234813448,22
FD003,3,75,1,0.1418448364256119,23
FD003,3,75,2,0.19468715013378682,23
FD003,3,75,3,0.26845748078261655,23
FD003,3,75,4,0.4019652187124205,23
FD003,3,75,5,0.8922555216012651,23
FD003,3,75,6,1.7772004131927706,23
FD003,3,75,7,0.4526129732152662,23
FD003,3,75,8,0.5285690369782723,23
FD003,3,75,9,0.528354156444095,23
FD003,3,20,0,0.13138454347518289,30
FD003,3,20,1,0.23856394047438342,31
FD003,3,20,2,0.16345112801203696,31
FD003,3,20,3,0.38751089084762846,31
FD003,3,20,4,0.3082651960838293,30
FD003,3,20,5,0.447211053824703,31
FD003,3,20,6,0.5111002613830806,31
FD003,3,20,7,0.49801476535490496,31
FD003,3,20,8,0.8942126257285548,31
FD003,3,20,9,0.22124761703602372,31
FD003,3,22,0,0.5094476755759414,16
FD003,3,22,1,0.49971076712982554,16
FD003,3,22,2,0.8872592876514667,16
FD003,3,22,3,0.4851499035820581,16
FD003,3,22,4,0.13834534094759507,16
FD003,3,22,5,1.5412065491588332,17
FD003,3,22,6,1.2760942223706149,16
FD003,3,22,7,0.7274413603491521,16
FD003,3,22,8,0.5170914861232644,16
FD003,3,22,9,0.2859956305810045,17
FD003,3,1,0,0.5635607630504385,22
FD003,3,1,1,0.4736848015845898,23
FD003,3,1,2,0.6028113430170137,23
FD003,3,1,3,1.0362904656483056,23
FD003,3,1,4,0.5509955806783012,23
FD003,3,1,5,1.6465788110782347,23
FD003,3,1,6,0.6659591346611071,23
FD003,3,1,7,0.38098896007705885,23
FD003,3,1,8,0.5880863853517404,23
FD003,3,1,9,0.23280805554970754,23
FD003,3,73,0,0.10878605041232742,18
FD003,3,73,1,0.20273509272793266,18
FD003,3,73,2,0.21503698310170796,19
FD003,3,73,3,1.2658400373442844,18
FD003,3,73,4,4.663257020637268,19
FD003,3,73,5,3.680576996088228,19
FD003,3,73,6,1.559645257889446,18
FD003,3,73,7,0.5514142592109601,18
FD003,3,73,8,0.16064407982491719,19
FD003,3,73,9,0.2808034349550414,19
FD003,3,57,0,0.28490869272399577,18
FD003,3,57,1,0.36842871783097497,18
FD003,3,57,2,0.3119512864798256,19
FD003,3,57,3,0.21545762618752134,18
FD003,3,57,4,1.3521291824525425,19
FD003,3,57,5,1.1762446871615895,19
FD003,3,57,6,0.6335428785756777,18
FD003,3,57,7,1.0970878171573328,18
FD003,3,57,8,0.4251079828171794,19
FD003,3,57,9,0.9401095787698643,19
FD003,3,4,0,0.5439182176355948,24
FD003,3,4,1,1.3496044503200209,24
FD003,3,4,2,1.1592330494080394,24
FD003,3,4,3,1.7516747735242775,24
FD003,3,4,4,2.3743882293952954,24
FD003,3,4,5,2.6815801913413577,25
FD003,3,4,6,1.9572813579026302,24
FD003,3,4,7,1.039928168586644,24
FD003,3,4,8,1.739388819869918,24
FD003,3,4,9,1.1135915358387511,25
FD003,3,25,0,0.16123860820079708,16
FD003,3,25,1,0.5684640214338395,16
FD003,3,25,2,0.21401876197224026,16
FD003,3,25,3,0.38052355326793186,17
FD003,3,25,4,1.051575773148337,16
FD003,3,25,5,0.2431024118344975,16
FD003,3,25,6,0.4477552634255643,17
FD003,3,25,7,0.39033300553477657,16
FD003,3,25,8,0.33804175339108106,16
FD003,3,25,9,0.30857403571376174,17
FD003,4,99,0,0.6261310006150999,11
FD003,4,99,1,0.5428609958420164,11
FD003,4,99,2,1.103796559863357,12
FD003,4,99,3,0.7465369974595704,11
FD003,4,99,4,0.14784993014079634,12
FD003,4,99,5,1.2421267303090535,12
FD003,4,99,6,1.37863297044259,11
FD003,4,99,7,0.36486317059899587,11
FD003,4,99,8,0.8741964497726462,12
FD003,4,99,9,0.6776934762851266,12
FD003,4,59,0,0.21883861703687915,26
FD003,4,59,1,0.16255834217314716,27
FD003,4,59,2,0.18127948057725282,27
FD003,4,59,3,0.417533441947588,27
FD003,4,59,4,0.5521549377480754,27
FD003,4,59,5,0.4561733003788531,27
FD003,4,59,6,0.479778472554817,27
FD003,4,59,7,0.4555211308748656,27
FD003,4,59,8,0.18251091201838984,27
FD003,4,59,9,0.8671376125314664,27
FD003,4,10,0,0.10546663571812617,45
FD003,4,10,1,0.1274093713270903,45
FD003,4,10,2,0.158545979802988,45
FD003,4,10,3,0.17603201896394177,45
FD003,4,10,4,0.2020673683801547,45
FD003,4,10,5,0.2094361481063484,45
FD003,4,10,6,0.2917464487409443,45
FD003,4,10,7,1.0451773037378171,45
FD003,4,10,8,1.3987164483800474,45
FD003,4,10,9,1.6904394314633189,46
FD003,4,51,0,0.31484807538720305,15
FD003,4,51,1,0.5349191626110075,16
FD003,4,51,2,0.5213206612291407,17
FD003,4,51,3,0.9656378046164129,15
FD003,4,51,4,0.9859723635764723,16
FD003,4,51,5,1.6445283247993834,17
FD003,4,51,6,0.6416947175280732,16
FD003,4,51,7,1.2798590054737933,15
FD003,4,51,8,0.35607969711903,16
FD003,4,51,9,1.457748721207749,17
FD003,4,73,0,0.20214436645579056,18
FD003,4,73,1,0.17220513602674387,18
FD003,4,73,2,0.1887891841390116,19
FD003,4,73,3,0.549779115404905,18
FD003,4,73,4,0.7897847342401547,19
FD003,4,73,5,1.2369035085426956,19
FD003,4,73,6,0.26663212244182566,18
FD003,4,73,7,0.9677999253733611,18
FD003,4,73,8,0.4091138463511373,19
FD003,4,73,9,0.5116517858249714,19
FD003,4,88,0,0.15119724310409915,29
FD003,4,88,1,0.14353840151596375,29
FD003,4,88,2,0.23675888242399296,29
FD003,4,88,3,0.11229501508561818,29
FD003,4,88,4,0.08273415569368117,29
FD003,4,88,5,0.25120508254583124,30
FD003,4,88,6,0.6327306808486077,29
FD003,4,88,7,0.5370604203743219,29
FD003,4,88,8,0.8715087490873344,29
FD003,4,88,9,0.9026724408448705,30
FD003,4,2,0,0.16847573171146132,22
FD003,4,2,1,0.21406868501665266,22
FD003,4,2,2,0.18208916895192812,22
FD003,4,2,3,0.2471961426047747,23
FD003,4,2,4,0.3469331869061794,22
FD003,4,2,5,1.538324119788765,22
FD003,4,2,6,2.1334495745858026,23
FD003,4,2,7,0.9953424793349386,22
FD003,4,2,8,0.7416332447218159,22
FD003,4,2,9,0.8052630550368529,23
FD003,4,70,0,0.4345001467734799,14
FD003,4,70,1,0.44504443206052424,14
FD003,4,70,2,2.9095835457891432,14
FD003,4,70,3,1.705858570892807,14
FD003,4,70,4,1.3720522758276084,14
FD003,4,70,5,1.0684472973608041,15
FD003,4,70,6,1.0275992312202509,14
FD003,4,70,7,0.6166384437622658,14
FD003,4,70,8,1.4586382692033157,14
FD003,4,70,9,1.728968939779225,15
FD003,4,56,0,0.6350262846644592,16
FD003,4,56,1,1.1186414093319819,16
FD003,4,56,2,0.6863832667967537,17
FD003,4,56,3,0.3985034674317045,16
FD003,4,56,4,0.3119402260681483,17
FD003,4,56,5,0.39874359788511426,17
FD003,4,56,6,0.12474616912854261,16
FD003,4,56,7,0.7153087103350042,16
FD003,4,56,8,0.317584134397768,17
FD003,4,56,9,0.9830631630839041,17
FD003,4,47,0,0.646412962800532,23
FD003,4,47,1,0.6960300860719177,24
FD003,4,47,2,0.5818125049584044,24
FD003,4,47,3,1.5140634479085437,24
FD003,4,47,4,1.1782213793283163,24
FD003,4,47,5,0.4513414328221745,24
FD003,4,47,6,1.2332623900948703,24
FD003,4,47,7,1.4109818782037173,24
FD003,4,47,8,0.5139575739715565,24
FD003,4,47,9,0.3054071916517438,24
FD004,0,166,0,1.6227224805911786,23
FD004,0,166,1,0.6164268016823335,24
FD004,0,166,2,0.917409345284492,24
FD004,0,166,3,1.3606821501489224,24
FD004,0,166,4,1.227234410139305,24
FD004,0,166,5,1.0901894372254812,24
FD004,0,166,6,0.5782164780006172,24
FD004,0,166,7,0.8000058794480625,24
FD004,0,166,8,0.6355437359280789,24
FD004,0,166,9,0.15864069908948744,24
FD004,0,82,0,1.0632259053995972,16
FD004,0,82,1,1.5068564949714554,17
FD004,0,82,2,1.509884224059808,17
FD004,0,82,3,2.118723614022063,16
FD004,0,82,4,0.3193424342248781,17
FD004,0,82,5,0.3899372952810301,17
FD004,0,82,6,0.9221659645155915,16
FD004,0,82,7,0.7476798808973522,17
FD004,0,82,8,0.7046775008411691,17
FD004,0,82,9,0.5560296598591175,17
FD004,0,235,0,0.4506778721894392,16
FD004,0,235,1,0.8921021947618446,17
FD004,0,235,2,0.7035271530566826,17
FD004,0,235,3,0.3217198644781169,17
FD004,0,235,4,1.5979732671117781,17
FD004,0,235,5,0.47459420856045864,17
FD004,0,235,6,1.521004172742054,17
FD004,0,235,7,0.6976961431469023,17
FD004,0,235,8,0.7975279850331694,17
FD004,0,235,9,0.6497206282144812,17
FD004,0,175,0,0.5014278272520091,12
FD004,0,175,1,0.3842332780459149,13
FD004,0,175,2,0.528314120966382,12
FD004,0,175,3,1.0621031899281683,13
FD004,0,175,4,0.681972813638593,12
FD004,0,175,5,1.0369655275586904,13
FD004,0,175,6,0.27333677401118667,13
FD004,0,175,7,0.3798238835293247,12
FD004,0,175,8,0.5902914726112136,13
FD004,0,175,9,0.3323582213724635,13
FD004,0,238,0,0.10338810051197832,15
FD004,0,238,1,0.12564133751268375,16
FD004,0,238,2,1.8137472507329648,16
FD004,0,238,3,5.239937104887655,15
FD004,0,238,4,3.029111297309681,16
FD004,0,238,5,3.4112856335020805,16
FD004,0,238,6,1.925743644767321,15
FD004,0,238,7,1.5461547284556794,16
FD004,0,238,8,0.7343376424277203,16
FD004,0,238,9,0.539607548117885,16
FD004,0,40,0,0.6309968907818063,17
FD004,0,40,1,0.46712824310419343,18
FD004,0,40,2,1.2905813300785751,17
FD004,0,40,3,0.36140615977143054,18
FD004,0,40,4,0.5154825515301613,17
FD004,0,40,5,0.8295782212470668,18
FD004,0,40,6,0.5680674780250201,18
FD004,0,40,7,0.340866121967273,17
FD004,0,40,8,0.3223767378796095,18
FD004,0,40,9,0.603649311609403,18
FD004,0,231,0,0.416505999163391,16
FD004,0,231,1,0.3650573162128397,16
FD004,0,231,2,0.2679192565493688,17
FD004,0,231,3,0.7494356294548461,16
FD004,0,231,4,0.23764582744771073,16
FD004,0,231,5,1.4794724674035205,17
FD004,0,231,6,2.065596609150843,16
FD004,0,231,7,0.7090899990250976,17
FD004,0,231,8,0.5579712758171625,16
FD004,0,231,9,0.5640199328438212,17
FD004,0,194,0,0.41238683814918214,11
FD004,0,194,1,3.179298094453767,11
FD004,0,194,2,0.6109204889972263,12
FD004,0,194,3,0.11323698287478576,11
FD004,0,194,4,1.0542401401433885,12
FD004,0,194,5,1.0188076602591272,12
FD004,0,194,6,2.1701614753464855,11
FD004,0,194,7,1.1451828655030103,11
FD004,0,194,8,0.4026813287467079,12
FD004,0,194,9,0.4862434317445845,12
FD004,0,59,0,1.3427519279086564,14
FD004,0,59,1,0.9509046098192598,15
FD004,0,59,2,0.18842628428127872,15
FD004,0,59,3,0.23428302131923945,14
FD004,0,59,4,1.0562930443156375,15
FD004,0,59,5,0.9869808484570761,15
FD004,0,59,6,0.8689075587411199,14
FD004,0,59,7,1.1083380213316254,15
FD004,0,59,8,0.5839884475980811,15
FD004,0,59,9,0.5788009734607741,15
FD004,0,141,0,1.5221725829001493,16
FD004,0,141,1,1.0066725395980383,17
FD004,0,141,2,1.1679934211309357,17
FD004,0,141,3,1.4428080369236294,17
FD004,0,141,4,0.7146295457828102,17
FD004,0,141,5,1.27394424964331,17
FD004,0,141,6,0.7139782272737993,17
FD004,0,141,7,0.3791067767448054,17
FD004,0,141,8,0.6713049360364484,17
FD004,0,141,9,0.38223572689283725,17
FD004,0,89,0,0.8042378244911331,13
FD004,0,89,1,0.3824842594549186,14
FD004,0,89,2,0.5278492445138302,14
FD004,0,89,3,0.4766785474920303,14
FD004,0,89,4,1.1731727972487183,13
FD004,0,89,5,0.17791266672921957,14
FD004,0,89,6,0.8708824985763417,14
FD004,0,89,7,0.5922309866483602,14
FD004,0,89,8,0.25677009502249204,14
FD004,0,89,9,0.17293207358103319,14
FD004,0,217,0,1.0422702440001308,16
FD004,0,217,1,0.7241487616865236,17
FD004,0,217,2,1.4648508838832486,18
FD004,0,217,3,0.12525685324409924,16
FD004,0,217,4,0.5928863620397747,17
FD004,0,217,5,0.5687915561740886,18
FD004,0,217,6,0.5968730012273542,17
FD004,0,217,7,0.36688316023104833,16
FD004,0,217,8,0.27340197532298716,17
FD004,0,217,9,0.16279795057577676,18
FD004,0,71,0,0.2900246188671355,28
FD004,0,71,1,0.7453910227248569,28
FD004,0,71,2,0.6162452352633159,28
FD004,0,71,3,3.6966796099194172,28
FD004,0,71,4,5.419786195227825,28
FD004,0,71,5,0.36080684692908804,29
FD004,0,71,6,1.5309157036145788,28
FD004,0,71,7,1.461211496750763,28
FD004,0,71,8,0.8075921487533335,28
FD004,0,71,9,0.39620086027763757,29
FD004,0,88,0,0.1390134043809039,35
FD004,0,88,1,0.1648163815924541,36
FD004,0,88,2,0.17427865583359461,36
FD004,0,88,3,0.2322793223020282,36
FD004,0,88,4,0.16547128401429131,35
FD004,0,88,5,0.4781976064027543,36
FD004,0,88,6,0.5519840606906445,36
FD004,0,88,7,0.5529686558669316,36
FD004,0,88,8,0.31658471997132565,36
FD004,0,88,9,0.1720163238700065,36
FD004,0,37,0,0.31215768224018126,35
FD004,0,37,1,0.3423064613538098,36
FD004,0,37,2,0.27712885342510185,36
FD004,0,37,3,0.24046259976605133,36
FD004,0,37,4,0.5849550997505909,35
FD004,0,37,5,0.4599022099280208,36
FD004,0,37,6,0.49983635075756405,36
FD004,0,37,7,0.9857519240387267,36
FD004,0,37,8,0.5758705518653033,36
FD004,0,37,9,0.22141362934019312,36
FD004,0,22,0,0.488283384771411,18
FD004,0,22,1,0.8367297283266018,18
FD004,0,22,2,0.40838825094016906,18
FD004,0,22,3,0.6213362983762489,18
FD004,0,22,4,0.3820231216444602,18
FD004,0,22,5,0.7880446409395065,18
FD004,0,22,6,0.3233160780024622,18
FD004,0,22,7,0.6089876430131572,18
FD004,0,22,8,0.560576259196921,18
FD004,0,22,9,0.275869731525498,19
FD004,0,212,0,0.5577077847651896,19
FD004,0,212,1,0.4208214762341008,20
FD004,0,212,2,0.35119132426151434,20
FD004,0,212,3,0.4977021134198625,20
FD004,0,212,4,0.2819598872672332,20
FD004,0,212,5,0.4180639205985409,20
FD004,0,212,6,0.5335948157501404,20
FD004,0,212,7,0.75916100322061,20
FD004,0,212,8,0.31159009123975895,20
FD004,0,212,9,0.14865815893443574,20
FD004,0,10,0,0.1482969658526777,32
FD004,0,10,1,0.0953768681974358,32
FD004,0,10,2,0.16349584993374272,33
FD004,0,10,3,0.1941773650935334,32
FD004,0,10,4,0.4019773247630335,32
FD004,0,10,5,0.47202121719394186,33
FD004,0,10,6,0.21314769185154658,32
FD004,0,10,7,0.9533187387188982,33
FD004,0,10,8,0.266879962671251,32
FD004,0,10,9,0.32508916804274074,33
FD004,0,104,0,0.1865938960330597,17
FD004,0,104,1,0.24312192771798302,17
FD004,0,104,2,0.4067331141412728,17
FD004,0,104,3,0.44199668304431694,18
FD004,0,104,4,1.7558058681105484,17
FD004,0,104,5,2.3324959941080237,17
FD004,0,104,6,2.97939770498855,18
FD004,0,104,7,1.2399779652015668,17
FD004,0,104,8,0.7039956571354333,17
FD004,0,104,9,0.3967385680771446,18
FD004,0,196,0,0.3195729431736814,14
FD004,0,196,1,0.6143646865263832,14
FD004,0,196,2,0.27516457933327737,15
FD004,0,196,3,1.1163961150475892,14
FD004,0,196,4,0.48114390271799035,14
FD004,0,196,5,1.3218064342886722,15
FD004,0,196,6,1.3156848959633072,14
FD004,0,196,7,1.3763413868057943,15
FD004,0,196,8,0.0969662570919923,14
FD004,0,196,9,0.25541832757142485,15
FD004,0,68,0,0.6647268683325435,13
FD004,0,68,1,0.5192292506694913,13
FD004,0,68,2,0.458254473873943,13
FD004,0,68,3,0.3321623827632526,14
FD004,0,68,4,0.822166080509802,13
FD004,0,68,5,0.9530014242160523,13
FD004,0,68,6,0.3559255948821511,14
FD004,0,68,7,0.4597847483886252,13
FD004,0,68,8,0.2360931254988477,13
FD004,0,68,9,0.16766525646967542,14
FD004,0,193,0,0.5952949856461391,16
FD004,0,193,1,0.966805174178431,17
FD004,0,193,2,0.7199413414913985,17
FD004,0,193,3,0.5316569959292569,16
FD004,0,193,4,0.3408072667349155,17
FD004,0,193,5,0.2689122417930139,17
FD004,0,193,6,0.32383928249560756,16
FD004,0,193,7,0.09565778179960448,17
FD004,0,193,8,0.43524455145504504,17
FD004,0,193,9,0.27806639740462136,17
FD004,0,118,0,0.3510740816459814,51
FD004,0,118,1,0.3764454595462048,51
FD004,0,118,2,0.45737428899418053,51
FD004,0,118,3,0.3955489474539277,52
FD004,0,118,4,0.5466149425423021,51
FD004,0,118,5,0.5062173634473424,51
FD004,0,118,6,0.8466890415166288,52
FD004,0,118,7,1.282780680436375,51
FD004,0,118,8,1.4536439880867835,51
FD004,0,118,9,0.535604784430423,52
FD004,0,48,0,0.20289887087774525,29
FD004,0,48,1,0.07612730375799541,29
FD004,0,48,2,0.19139811364929227,29
FD004,0,48,3,0.1568857969620675,29
FD004,0,48,4,0.15809268687122274,29
FD004,0,48,5,0.08910660598493675,30
FD004,0,48,6,0.850327224715951,29
FD004,0,48,7,1.0510388067069463,29
FD004,0,48,8,0.5307894493144248,29
FD004,0,48,9,0.20188490996699457,30
FD004,0,173,0,0.24696324017877302,42
FD004,0,173,1,0.2999134367444886,43
FD004,0,173,2,0.2769263029795261,43
FD004,0,173,3,0.32146079849438125,42
FD004,0,173,4,0.4803686746387745,43
FD004,0,173,5,0.4339821904913905,43
FD004,0,173,6,0.9595173005203512,42
FD004,0,173,7,0.5256408377156964,43
FD004,0,173,8,0.448943240222536,43
FD004,0,173,9,0.378080984434601,43
FD004,1,51,0,0.22321782962806672,25
FD004,1,51,1,0.20335301288169685,25
FD004,1,51,2,0.36838931239455136,26
FD004,1,51,3,0.27222132100720153,25
FD004,1,51,4,0.29501206126928337,26
FD004,1,51,5,0.8119444076270386,26
FD004,1,51,6,1.4413369698430165,25
FD004,1,51,7,0.30539673924815053,25
FD004,1,51,8,0.5035186031599119,26
FD004,1,51,9,0.4317312043842706,26
FD004,1,143,0,0.18478776024040058,15
FD004,1,143,1,0.5975060777243353,15
FD004,1,143,2,0.5913889735184268,16
FD004,1,143,3,0.7691650189665701,15
FD004,1,143,4,0.9654695940290926,15
FD004,1,143,5,1.740343587673384,16
FD004,1,143,6,0.4128412062403696,15
FD004,1,143,7,0.9289927233695991,16
FD004,1,143,8,0.7454273002631558,15
FD004,1,143,9,1.1152693479606604,16
FD004,1,158,0,0.425665277183873,36
FD004,1,158,1,0.36427764062079193,37
FD004,1,158,2,0.41864536457657797,37
FD004,1,158,3,0.47513620968843323,37
FD004,1,158,4,0.5537183414408187,37
FD004,1,158,5,0.5155063417487309,37
FD004,1,158,6,1.1375847950783757,37
FD004,1,158,7,0.6246175257774366,37
FD004,1,158,8,0.3137348889258698,37
FD004,1,158,9,0.8490626842132677,37
FD004,1,157,0,0.12874870745635975,26
FD004,1,157,1,0.08869189456200414,27
FD004,1,157,2,0.13933862561737775,27
FD004,1,157,3,0.11503506521490818,27
FD004,1,157,4,0.1873257956265847,26
FD004,1,157,5,0.31213395462563787,27
FD004,1,157,6,2.419005290617164,27
FD004,1,157,7,1.6020950155215161,27
FD004,1,157,8,0.34879764573196453,27
FD004,1,157,9,0.27754023506584624,27
FD004,1,140,0,0.327224114549615,26
FD004,1,140,1,0.34226144348857424,27
FD004,1,140,2,0.5237106717064097,27
FD004,1,140,3,0.4933759743235227,27
FD004,1,140,4,0.4548940950115681,26
FD004,1,140,5,0.3386346002233088,27
FD004,1,140,6,0.4095558687907148,27
FD004,1,140,7,0.5524649170145474,27
FD004,1,140,8,1.6544508036201309,27
FD004,1,140,9,1.2082603651880957,27
FD004,1,213,0,1.0783721126755248,16
FD004,1,213,1,0.9851349874861434,17
FD004,1,213,2,1.5963810234624716,17
FD004,1,213,3,0.8615968616057268,16
FD004,1,213,4,0.2632747103272405,17
FD004,1,213,5,0.48070177370631106,17
FD004,1,213,6,1.0871481640488514,16
FD004,1,213,7,0.29069956975761213,17
FD004,1,213,8,0.38486207798575484,17
FD004,1,213,9,0.28691635676616145,17
FD004,1,147,0,0.4237848837684832,20
FD004,1,147,1,0.5780786350358487,20
FD004,1,147,2,0.8538906447376211,21
FD004,1,147,3,0.7581480788822125,20
FD004,1,147,4,0.8769549012344364,20
FD004,1,147,5,0.739697921969611,21
FD004,1,147,6,0.5522710536789435,20
FD004,1,147,7,0.6466157053512697,21
FD004,1,147,8,0.24482718393336889,20
FD004,1,147,9,0.24304914970568406,21
FD004,1,102,0,0.6677102264744715,16
FD004,1,102,1,1.0314486762633426,16
FD004,1,102,2,0.7552242072433809,17
FD004,1,102,3,0.46546855192295034,16
FD004,1,102,4,0.22343302643986662,16
FD004,1,102,5,0.8598010577799261,17
FD004,1,102,6,0.4206611265876644,16
FD004,1,102,7,0.7763679064478206,17
FD004,1,102,8,0.2972132174651917,16
FD004,1,102,9,0.5696392869164877,17
FD004,1,21,0,0.41027866356083065,19
FD004,1,21,1,0.2802437682252573,20
FD004,1,21,2,0.3069001633816364,20
FD004,1,21,3,0.55656706658829,19
FD004,1,21,4,0.23272608396720357,20
FD004,1,21,5,1.5160837119183261,20
FD004,1,21,6,1.4019436545156838,19
FD004,1,21,7,0.26095423612977087,20
FD004,1,21,8,0.7023648363990732,20
FD004,1,21,9,0.73022189826913,20
FD004,1,179,0,0.38483192009697664,40
FD004,1,179,1,0.30811109584497576,40
FD004,1,179,2,0.5678305351383711,41
FD004,1,179,3,1.773358146047448,40
FD004,1,179,4,5.129333150433132,41
FD004,1,179,5,0.7522409924647704,41
FD004,1,179,6,0.2536518762529888,40
FD004,1,179,7,1.274458970069837,40
FD004,1,179,8,0.28453826877426897,41
FD004,1,179,9,0.17691851434621012,41
FD004,1,26,0,0.7573223369542019,26
FD004,1,26,1,0.6554408212971912,27
FD004,1,26,2,0.7170141416137917,27
FD004,1,26,3,0.9229592321295107,26
FD004,1,26,4,1.4641681170106042,27
FD004,1,26,5,0.8748944983509771,27
FD004,1,26,6,1.841411180175267,26
FD004,1,26,7,0.8379445957321588,27
FD004,1,26,8,0.2170504054737003,27
FD004,1,26,9,0.5235903648427841,27
FD004,1,135,0,0.20564737627302396,11
FD004,1,135,1,0.8929875309279365,12
FD004,1,135,2,0.7305449196098749,12
FD004,1,135,3,0.35093213715840443,12
FD004,1,135,4,0.9005682518830416,12
FD004,1,135,5,1.5312763902225404,12
FD004,1,135,6,0.28157522136496627,12
FD004,1,135,7,0.5092624049768386,12
FD004,1,135,8,0.6103424745955786,12
FD004,1,135,9,0.599389806354544,12
FD004,1,72,0,0.6739235253853963,27
FD004,1,72,1,0.2876642792242212,28
FD004,1,72,2,0.3164537806281754,28
FD004,1,72,3,0.4945695881082792,28
FD004,1,72,4,0.6036586006163992,27
FD004,1,72,5,0.4573700345130599,28
FD004,1,72,6,0.5289210524591466,28
FD004,1,72,7,0.29064034009254125,28
FD004,1,72,8,0.5025776281182219,28
FD004,1,72,9,0.26858867402938735,28
FD004,1,205,0,0.9316941818265254,21
FD004,1,205,1,0.8276329559940153,21
FD004,1,205,2,1.3268149216108878,21
FD004,1,205,3,1.0731831299897758,21
FD004,1,205,4,1.2357449227281483,21
FD004,1,205,5,0.7040446572059645,22
FD004,1,205,6,1.1737324273328253,21
FD004,1,205,7,1.6121950284203903,21
FD004,1,205,8,0.5848424551240516,21
FD004,1,205,9,0.6643874875011133,22
FD004,1,130,0,0.3772453475675587,13
FD004,1,130,1,0.33122826968020785,14
FD004,1,130,2,1.6642527670536615,13
FD004,1,130,3,0.9162598149271792,14
FD004,1,130,4,1.8070669380089914,13
FD004,1,130,5,1.8170811174857593,14
FD004,1,130,6,1.3213670867818776,14
FD004,1,130,7,1.004034472172687,13
FD004,1,130,8,0.8921245132686166,14
FD004,1,130,9,0.3931280454953804,14
FD004,1,145,0,0.27817531718636723,19
FD004,1,145,1,0.45720962317646574,20
FD004,1,145,2,0.3557663527863295,20
FD004,1,145,3,0.38279302670543663,20
FD004,1,145,4,0.6635003053077615,19
FD004,1,145,5,1.1010302472306066,20
FD004,1,145,6,0.1964631665566801,20
FD004,1,145,7,0.30279900489833067,20
FD004,1,145,8,0.4333746968370927,20
FD004,1,145,9,0.43710394541588704,20
FD004,1,193,0,0.6432895409601339,16
FD004,1,193,1,0.9575352269412449,17
FD004,1,193,2,0.7048253458172593,17
FD004,1,193,3,0.37208584575945935,16
FD004,1,193,4,0.19557180960430134,17
FD004,1,193,5,0.32409059125089357,17
FD004,1,193,6,0.27317407029447005,16
FD004,1,193,7,0.35019893302484467,17
FD004,1,193,8,0.49119869664789045,17
FD004,1,193,9,0.3429003543533006,17
FD004,1,80,0,0.36187103485889505,27
FD004,1,80,1,0.17159908598929277,27
FD004,1,80,2,0.37845882287248245,28
FD004,1,80,3,0.218064778761658,27
FD004,1,80,4,0.5422961435512338,28
FD004,1,80,5,0.6596224782398039,28
FD004,1,80,6,1.8775569995710637,27
FD004,1,80,7,0.7156924738878552,27
FD004,1,80,8,0.19418466527385228,28
FD004,1,80,9,0.4306107178340423,28
FD004,1,134,0,0.3053984144792252,21
FD004,1,134,1,0.37312755494835015,22
FD004,1,134,2,0.42488783671097047,22
FD004,1,134,3,0.4463547492076775,21
FD004,1,134,4,0.48695133485763253,22
FD004,1,134,5,0.33014988486845376,22
FD004,1,134,6,1.1266846529125398,21
FD004,1,134,7,0.6684141850075438,22
FD004,1,134,8,0.28403963716431835,22
FD004,1,134,9,0.8537167094836341,22
FD004,1,204,0,0.42434547333990436,18
FD004,1,204,1,0.5224490836448895,18
FD004,1,204,2,0.5837397596543017,18
FD004,1,204,3,0.6500697672211089,18
FD004,1,204,4,0.45562759695182214,18
FD004,1,204,5,0.8730750113921907,18
FD004,1,204,6,0.483650087564763,18
FD004,1,204,7,0.16910982371753128,18
FD004,1,204,8,0.2820397142721621,18
FD004,1,204,9,0.24712518160556876,19
FD004,1,138,0,0.9138796060829144,14
FD004,1,138,1,1.2434106044762492,15
FD004,1,138,2,0.5913068893809419,15
FD004,1,138,3,0.20284524237628174,15
FD004,1,138,4,0.7662614985503783,14
FD004,1,138,5,0.2571682840823204,15
FD004,1,138,6,0.8638573248045978,15
FD004,1,138,7,1.4370656818107115,15
FD004,1,138,8,0.6328915683913245,15
FD004,1,138,9,0.8385512129065242,15
FD004,1,73,0,0.6819206313433438,15
FD004,1,73,1,0.5827256633329435,15
FD004,1,73,2,0.1574263713702626,15
FD004,1,73,3,0.6205101757555682,15
FD004,1,73,4,1.0827717545508528,15
FD004,1,73,5,0.7224735591535786,15
FD004,1,73,6,0.7008478449132112,15
FD004,1,73,7,0.8470773194917995,15
FD004,1,73,8,1.4159773032511214,15
FD004,1,73,9,0.42625953726917337,16
FD004,1,141,0,1.4275428701943098,16
FD004,1,141,1,1.169795594070322,17
FD004,1,141,2,0.7874875424937076,17
FD004,1,141,3,1.328550202368984,17
FD004,1,141,4,0.48485041694434683,17
FD004,1,141,5,1.1971409657629886,17
FD004,1,141,6,0.6821198779584942,17
FD004,1,141,7,0.5630053473156922,17
FD004,1,141,8,1.3211887265310462,17
FD004,1,141,9,1.3122657740973658,17
FD004,1,236,0,0.3952916149144149,19
FD004,1,236,1,0.21464371380171063,19
FD004,1,236,2,0.3498590671454662,20
FD004,1,236,3,0.12625735689636094,19
FD004,1,236,4,0.6909934404379092,20
FD004,1,236,5,1.9914795708726782,20
FD004,1,236,6,2.8444665320002804,19
FD004,1,236,7,1.2017813417535634,19
FD004,1,236,8,0.7240253382171569,20
FD004,1,236,9,0.29728517135239174,20
FD004,1,38,0,0.6913921549824558,14
FD004,1,38,1,1.4327068318117127,15
FD004,1,38,2,0.7011496676236574,15
FD004,1,38,3,0.45127230190611867,14
FD004,1,38,4,1.1178195935391928,15
FD004,1,38,5,0.5751474482708873,15
FD004,1,38,6,0.8782698696562616,14
FD004,1,38,7,0.5008403266173215,15
FD004,1,38,8,0.9500764810013516,15
FD004,1,38,9,0.3452943510092357,15
FD004,2,196,0,0.3289545175223187,14
FD004,2,196,1,0.5576536666850014,14
FD004,2,196,2,0.4755310905691794,15
FD004,2,196,3,1.787668196901751,14
FD004,2,196,4,0.2613193194884776,14
FD004,2,196,5,1.784386847326506,15
FD004,2,196,6,1.2932940498761254,14
FD004,2,196,7,1.115102362568593,15
FD004,2,196,8,0.16656053258239822,14
FD004,2,196,9,0.421420759021603,15
FD004,2,168,0,0.4771875086220059,16
FD004,2,168,1,0.394621226665007,17
FD004,2,168,2,0.6490001980547222,16
FD004,2,168,3,0.2750627222237979,17
FD004,2,168,4,1.3351229506726916,16
FD004,2,168,5,0.940907091591998,17
FD004,2,168,6,1.185869451825242,17
FD004,2,168,7,1.2946049363465524,16
FD004,2,168,8,0.7122997258797804,17
FD004,2,168,9,0.7890419709614473,17
FD004,2,38,0,0.63555263287098,14
FD004,2,38,1,1.4822757413713492,15
FD004,2,38,2,0.8155305224957685,15
FD004,2,38,3,0.16323109892971935,14
FD004,2,38,4,0.7631512743864501,15
FD004,2,38,5,0.32446655974256966,15
FD004,2,38,6,0.5042599466184301,14
FD004,2,38,7,0.44422384385914193,15
FD004,2,38,8,0.7026306636591899,15
FD004,2,38,9,0.27748448729843506,15
FD004,2,117,0,0.4250833973280976,31
FD004,2,117,1,0.2513943356226998,31
FD004,2,117,2,0.657818360602475,31
FD004,2,117,3,0.4322851382569062,31
FD004,2,117,4,0.49704309494579757,31
FD004,2,117,5,0.8693004439508143,32
FD004,2,117,6,1.141828933979116,31
FD004,2,117,7,0.1580014217021901,31
FD004,2,117,8,0.1787955150079869,31
FD004,2,117,9,0.19041084353365048,32
FD004,2,125,0,0.264839170895281,20
FD004,2,125,1,0.9061980547140122,21
FD004,2,125,2,0.8461752482150416,21
FD004,2,125,3,0.5819488523485318,21
FD004,2,125,4,0.48237964378241055,21
FD004,2,125,5,0.26023857929146205,21
FD004,2,125,6,0.8538168029413717,21
FD004,2,125,7,0.30536242026259613,21
FD004,2,125,8,0.36236598980904416,21
FD004,2,125,9,0.544947870426237,21
FD004,2,149,0,0.6328156157331806,23
FD004,2,149,1,0.3453075068356075,23
FD004,2,149,2,0.46583345342800725,23
FD004,2,149,3,0.6671725799060163,23
FD004,2,149,4,0.6674191483640698,23
FD004,2,149,5,0.7850339155959173,23
FD004,2,149,6,0.31795634982678467,23
FD004,2,149,7,0.21575348803158523,23
FD004,2,149,8,0.2310368701672491,23
FD004,2,149,9,0.4644832721763398,24
FD004,2,219,0,0.19695041895630974,15
FD004,2,219,1,0.22898098952706109,16
FD004,2,219,2,0.6331133486767424,17
FD004,2,219,3,0.18519703519224862,15
FD004,2,219,4,1.1381498497944205,16
FD004,2,219,5,0.4245453580369434,17
FD004,2,219,6,1.1286961902044919,16
FD004,2,219,7,0.5426892192037113,15
FD004,2,219,8,0.3292459809558923,16
FD004,2,219,9,0.5079443139328252,17
FD004,2,32,0,0.8028009721742302,18
FD004,2,32,1,0.6016125010908455,19
FD004,2,32,2,0.9336567018848946,19
FD004,2,32,3,1.19890885037503,19
FD004,2,32,4,0.25753477729386426,19
FD004,2,32,5,0.925638949799954,19
FD004,2,32,6,1.0037924856459646,19
FD004,2,32,7,0.3295676372827519,19
FD004,2,32,8,0.2050510710942575,19
FD004,2,32,9,0.15821579868221833,19
FD004,2,64,0,0.7579376115376146,15
FD004,2,64,1,0.8160359036167206,15
FD004,2,64,2,0.28959991332011725,16
FD004,2,64,3,0.2629996946238402,15
FD004,2,64,4,0.6158093074016503,15
FD004,2,64,5,0.381474276729279,16
FD004,2,64,6,1.0611830367623767,15
FD004,2,64,7,0.9379123708701788,16
FD004,2,64,8,0.34326164049340696,15
FD004,2,64,9,1.5140865424717238,16
FD004,2,48,0,0.2000801390175888,29
FD004,2,48,1,0.1960313334823502,29
FD004,2,48,2,0.1239095336405312,29
FD004,2,48,3,0.2559426389340349,29
FD004,2,48,4,0.21971340469335227,29
FD004,2,48,5,0.1056825397027823,30
FD004,2,48,6,0.7170666520214508,29
FD004,2,48,7,0.7336204163129455,29
FD004,2,48,8,0.5008693744857217,29
FD004,2,48,9,0.34328167504001755,30
FD004,2,214,0,0.5796655811548215,9
FD004,2,214,1,0.9422758130570569,10
FD004,2,214,2,1.1970733630227015,10
FD004,2,214,3,1.764604082380251,10
FD004,2,214,4,1.5777887389212242,9
FD004,2,214,5,1.44935112974092,10
FD004,2,214,6,1.2003640990649156,10
FD004,2,214,7,2.0398485148369248,10
FD004,2,214,8,1.3832865964821908,10
FD004,2,214,9,0.4160931781129682,10
FD004,2,242,0,0.223818097259791,19
FD004,2,242,1,0.42063321436272594,19
FD004,2,242,2,0.2267764396682112,19
FD004,2,242,3,0.37870391802073605,19
FD004,2,242,4,0.5382909117114332,19
FD004,2,242,5,1.5193440375729887,20
FD004,2,242,6,0.37650387895741316,19
FD004,2,242,7,0.9589976489646593,19
FD004,2,242,8,0.10578263150335489,19
FD004,2,242,9,0.12416295388013696,20
FD004,2,96,0,0.38297710917034167,23
FD004,2,96,1,0.2682603183707114,24
FD004,2,96,2,0.5672698844560536,25
FD004,2,96,3,0.40612906531631315,23
FD004,2,96,4,0.25587686827502243,24
FD004,2,96,5,0.34721594280314394,25
FD004,2,96,6,0.5526907622974018,24
FD004,2,96,7,0.6689686807949923,23
FD004,2,96,8,0.28937213305911613,24
FD004,2,96,9,0.31787133301629483,25
FD004,2,178,0,0.9158154858282933,13
FD004,2,178,1,0.22400420287656084,14
FD004,2,178,2,0.24469511026698168,15
FD004,2,178,3,0.501243975821153,13
FD004,2,178,4,0.2838148938029464,14
FD004,2,178,5,0.4753935794854545,15
FD004,2,178,6,0.47910362550402286,14
FD004,2,178,7,1.1582303935842906,13
FD004,2,178,8,0.21167907886033904,14
FD004,2,178,9,0.27194389596664675,15
FD004,2,163,0,1.2703004827387958,25
FD004,2,163,1,0.9376355611324377,25
FD004,2,163,2,0.9574958992368441,26
FD004,2,163,3,0.7477439514781511,25
FD004,2,163,4,1.0059028742342333,26
FD004,2,163,5,1.5695392722819004,26
FD004,2,163,6,0.2897901388149089,25
FD004,2,163,7,0.8558391733115379,25
FD004,2,163,8,0.46023954644861853,26
FD004,2,163,9,0.2367804723867162,26
FD004,2,8,0,0.40300399059891556,19
FD004,2,8,1,0.621290093180433,20
FD004,2,8,2,0.6077007200216403,21
FD004,2,8,3,0.41869602088472085,19
FD004,2,8,4,0.5962281513806365,20
FD004,2,8,5,0.15386039655273304,21
FD004,2,8,6,0.6533472381599148,20
FD004,2,8,7,0.1956829552657153,19
FD004,2,8,8,0.3054145725953853,20
FD004,2,8,9,0.40404501213856187,21
FD004,2,105,0,0.3439493863934813,13
FD004,2,105,1,0.32470080979580984,14
FD004,2,105,2,2.223565210500594,15
FD004,2,105,3,2.4189382329070805,13
FD004,2,105,4,1.8575585430095076,14
FD004,2,105,5,1.2165236111454294,15
FD004,2,105,6,1.7721130652920953,14
FD004,2,105,7,1.3973140374223727,13
FD004,2,105,8,0.6307720107135745,14
FD004,2,105,9,0.6521024962835389,15
FD004,2,76,0,1.0821760664839097,12
FD004,2,76,1,0.24465446130966606,12
FD004,2,76,2,0.23378197729861763,12
FD004,2,76,3,0.6032367606074012,12
FD004,2,76,4,0.8312330579084286,12
FD004,2,76,5,1.1037274212060386,13
FD004,2,76,6,1.4626037284368936,12
FD004,2,76,7,0.5900531077726561,12
FD004,2,76,8,0.6012369742830334,12
FD004,2,76,9,1.064672725428678,13
FD004,2,211,0,0.9730411147407497,11
FD004,2,211,1,0.09401046907633828,12
FD004,2,211,2,0.17680601969902662,11
FD004,2,211,3,0.22651749838092533,12
FD004,2,211,4,0.47339112000900524,11
FD004,2,211,5,0.15556024368970073,12
FD004,2,211,6,1.5106919237905558,12
FD004,2,211,7,1.3775219459563353,11
FD004,2,211,8,0.15976382680842618,12
FD004,2,211,9,0.8137636379701563,12
FD004,2,44,0,0.20194762194983332,17
FD004,2,44,1,0.31999568735476525,17
FD004,2,44,2,0.38064186014562024,17
FD004,2,44,3,0.8707402411867038,18
FD004,2,44,4,1.0971813882681092,17
FD004,2,44,5,0.9278239972019385,17
FD004,2,44,6,0.9382954066318526,18
FD004,2,44,7,1.24964260146657,17
FD004,2,44,8,0.42834182412916183,17
FD004,2,44,9,0.36214633233700755,18
FD004,2,23,0,0.27838452389346496,24
FD004,2,23,1,0.7376418445349162,25
FD004,2,23,2,0.27540972516032824,26
FD004,2,23,3,0.7105511385926118,24
FD004,2,23,4,0.905706060986164,25
FD004,2,23,5,0.6840724512471155,26
FD004,2,23,6,0.22551545946015128,25
FD004,2,23,7,0.6040995854360622,24
FD004,2,23,8,0.6687376033413881,25
FD004,2,23,9,0.7783657363308892,26
FD004,2,73,0,0.7125650165192768,15
FD004,2,73,1,0.7402548481804868,15
FD004,2,73,2,0.1405845233297511,15
FD004,2,73,3,0.5403337508509973,15
FD004,2,73,4,0.35678532138771907,15
FD004,2,73,5,0.5468655630241769,15
FD004,2,73,6,0.47439130124010576,15
FD004,2,73,7,0.7491221373461837,15
FD004,2,73,8,1.224289357801461,15
FD004,2,73,9,0.691655744975018,16
FD004,2,238,0,0.19759596500273022,15
FD004,2,238,1,0.1238089319472345,16
FD004,2,238,2,1.3124013083400463,16
FD004,2,238,3,4.2684456579923085,15
FD004,2,238,4,2.7650574090639553,16
FD004,2,238,5,2.9260484144462366,16
FD004,2,238,6,2.875460356559262,15
FD004,2,238,7,2.1696547506868704,16
FD004,2,238,8,0.8423902414662363,16
FD004,2,238,9,0.631316128277809,16
FD004,2,16,0,0.7573250053996138,15
FD004,2,16,1,0.9389418300409763,15
FD004,2,16,2,0.9173250219009442,16
FD004,2,16,3,0.2639900434469628,15
FD004,2,16,4,0.14778018662523942,15
FD004,2,16,5,0.7353737092072261,16
FD004,2,16,6,0.777732167869173,15
FD004,2,16,7,0.1252899382461854,16
FD004,2,16,8,0.24371878236350158,15
FD004,2,16,9,0.20911969267314753,16
FD004,2,169,0,0.1196763617543413,19
FD004,2,169,1,0.19427108675825253,20
FD004,2,169,2,0.3146002475008643,20
FD004,2,169,3,0.4092538479017638,19
FD004,2,169,4,1.7066033189946546,20
FD004,2,169,5,1.4433699290804385,20
FD004,2,169,6,1.4269173986293466,19
FD004,2,169,7,0.7749668222689913,20
FD004,2,169,8,0.4714291241128358,20
FD004,2,169,9,0.4732731490804046,20
FD004,3,151,0,0.24862578754409553,32
FD004,3,151,1,0.21939958810458443,32
FD004,3,151,2,0.22251666841139234,32
FD004,3,151,3,0.34642705145980723,32
FD004,3,151,4,0.40696126312705305,32
FD004,3,151,5,0.4908529005854571,32
FD004,3,151,6,0.4095910135202721,32
FD004,3,151,7,0.7414816675556497,32
FD004,3,151,8,0.268192946250936,32
FD004,3,151,9,0.4495949219351499,33
FD004,3,219,0,0.15282352120776144,15
FD004,3,219,1,0.18620120767918857,16
FD004,3,219,2,0.47544043527342883,17
FD004,3,219,3,0.21685108533107983,15
FD004,3,219,4,0.6885510540218593,16
FD004,3,219,5,0.6349626551985929,17
FD004,3,219,6,1.9386558982234838,16
FD004,3,219,7,0.6466855189146646,15
FD004,3,219,8,0.3877713360696248,16
FD004,3,219,9,0.5313215540630807,17
FD004,3,82,0,1.1684081463602487,16
FD004,3,82,1,1.4212127125956384,17
FD004,3,82,2,1.9029034908879785,17
FD004,3,82,3,1.0480611759562874,16
FD004,3,82,4,0.10263418464293006,17
FD004,3,82,5,0.2716293697255726,17
FD004,3,82,6,0.6680807547423118,16
FD004,3,82,7,0.9659985615518384,17
FD004,3,82,8,0.9471261871342892,17
FD004,3,82,9,0.47180387650764766,17
FD004,3,27,0,0.9311671094572356,13
FD004,3,27,1,0.7530081768627814,13
FD004,3,27,2,0.4429577061220427,13
FD004,3,27,3,0.3512476291978993,14
FD004,3,27,4,0.6202884269570262,13
FD004,3,27,5,0.6025324340036448,13
FD004,3,27,6,0.25440474936726304,14
FD004,3,27,7,0.8546323950259774,13
FD004,3,27,8,0.8148179908900987,13
FD004,3,27,9,0.5879623156595796,14
FD004,3,143,0,0.3106405681698556,15
FD004,3,143,1,0.6348329513899306,15
FD004,3,143,2,0.2869578388429743,16
FD004,3,143,3,0.3989102632555851,15
FD004,3,143,4,0.8753545260677092,15
FD004,3,143,5,0.915155745856107,16
FD004,3,143,6,0.3272497655393795,15
FD004,3,143,7,0.9098949264194102,16
FD004,3,143,8,0.985882158601201,15
FD004,3,143,9,1.2656268616287594,16
FD004,3,168,0,0.6528911823271248,16
FD004,3,168,1,0.5643206476463657,17
FD004,3,168,2,0.7746562583072618,16
FD004,3,168,3,0.2820507983974738,17
FD004,3,168,4,1.1637810494589669,16
FD004,3,168,5,0.7861415595722405,17
FD004,3,168,6,1.2532541211066535,17
FD004,3,168,7,0.6609450955410558,16
FD004,3,168,8,0.2773076660029019,17
FD004,3,168,9,0.3637827122511371,17
FD004,3,94,0,0.24497612398613922,21
FD004,3,94,1,0.3341433975022139,22
FD004,3,94,2,0.38983718782528276,22
FD004,3,94,3,0.3852861354224375,22
FD004,3,94,4,0.5105619361284414,22
FD004,3,94,5,1.0430847884106016,22
FD004,3,94,6,0.5912619237509011,22
FD004,3,94,7,0.5312955824753574,22
FD004,3,94,8,0.6363799370760695,22
FD004,3,94,9,0.398903782913013,22
FD004,3,173,0,0.28469289679056053,42
FD004,3,173,1,0.22890527244429323,43
FD004,3,173,2,0.23512768658725874,43
FD004,3,173,3,0.18569795726456795,42
FD004,3,173,4,0.3600126812373933,43
FD004,3,173,5,0.33847815707780404,43
FD004,3,173,6,0.7775184252733865,42
FD004,3,173,7,0.4125608441649614,43
FD004,3,173,8,0.38197600872807336,43
FD004,3,173,9,0.38124220119492036,43
FD004,3,149,0,0.5058420685979926,23
FD004,3,149,1,0.409453892282905,23
FD004,3,149,2,0.3879914296583373,23
FD004,3,149,3,0.5787475998353163,23
FD004,3,149,4,0.5335687024135414,23
FD004,3,149,5,0.8320519893555506,23
FD004,3,149,6,0.4861709570375188,23
FD004,3,149,7,0.4529645081422471,23
FD004,3,149,8,0.4042260776831237,23
FD004,3,149,9,0.6688807060952469,24
FD004,3,225,0,0.15910000171151728,38
FD004,3,225,1,0.14924573511351458,39
FD004,3,225,2,0.13101461746634036,39
FD004,3,225,3,0.16414852781007186,39
FD004,3,225,4,0.11378437006865136,38
FD004,3,225,5,0.2130336414512515,39
FD004,3,225,6,0.4317654465508511,39
FD004,3,225,7,0.603986600598017,39
FD004,3,225,8,0.4156734399900051,39
FD004,3,225,9,0.2433540302686493,39
FD004,3,167,0,0.8599760444548324,23
FD004,3,167,1,0.6083456920705139,23
FD004,3,167,2,0.7238172146338121,23
FD004,3,167,3,0.8349002816086593,24
FD004,3,167,4,1.0987223016575738,23
FD004,3,167,5,0.19192389098986024,23
FD004,3,167,6,0.7484852887427667,24
FD004,3,167,7,1.0395811301801412,23
FD004,3,167,8,0.7033564703748127,23
FD004,3,167,9,0.27799085958177405,24
FD004,3,120,0,0.9239653896912727,14
FD004,3,120,1,0.23541473420297448,15
FD004,3,120,2,0.2546117221664243,15
FD004,3,120,3,1.387338486439707,14
FD004,3,120,4,0.3293127463053436,15
FD004,3,120,5,1.5489962414200482,15
FD004,3,120,6,1.67672346383014,14
FD004,3,120,7,1.8805547796935889,15
FD004,3,120,8,1.0574852247777502,15
FD004,3,120,9,1.0649398859965138,15
FD004,3,150,0,0.1354440335106932,11
FD004,3,150,1,0.16069729835816865,12
FD004,3,150,2,0.96702024414047,12
FD004,3,150,3,1.3294562360842912,12
FD004,3,150,4,2.054625320929546,12
FD004,3,150,5,1.398300636756082,12
FD004,3,150,6,2.250309604588752,12
FD004,3,150,7,1.6076682162762377,12
FD004,3,150,8,1.3736938810555324,12
FD004,3,150,9,1.0102999330125135,12
FD004,3,139,0,0.3771371814223738,22
FD004,3,139,1,0.36456967415818914,22
FD004,3,139,2,0.5224345415763735,22
FD004,3,139,3,0.33122706870189944,22
FD004,3,139,4,0.7859556074879115,22
FD004,3,139,5,0.6253659792057953,22
FD004,3,139,6,0.801884323180176,22
FD004,3,139,7,0.3343942228148443,22
FD004,3,139,8,0.11912412138057907,22
FD004,3,139,9,0.25617916217292147,23
FD004,3,170,0,0.5344719238871734,13
FD004,3,170,1,0.07716944594044806,13
FD004,3,170,2,0.32804561725293063,13
FD004,3,170,3,1.1657217967992957,13
FD004,3,170,4,1.0943374864785347,13
FD004,3,170,5,1.5091670150856185,13
FD004,3,170,6,1.9988408370362607,13
FD004,3,170,7,1.5171837247224171,13
FD004,3,170,8,1.2227941559911815,13
FD004,3,170,9,0.8159671283603493,14
FD004,3,108,0,0.5071306150777803,27
FD004,3,108,1,0.3163463412343562,27
FD004,3,108,2,0.30802608776999796,28
FD004,3,108,3,0.6045579581693507,27
FD004,3,108,4,0.5682036999907978,27
FD004,3,108,5,0.3463305920962181,28
FD004,3,108,6,0.6661196895338594,27
FD004,3,108,7,0.44228964332610277,28
FD004,3,108,8,0.3278994340331333,27
FD004,3,108,9,0.25943492436457816,28
FD004,3,203,0,0.5959136639503788,29
FD004,3,203,1,0.5153865250104108,29
FD004,3,203,2,0.9516972225524201,30
FD004,3,203,3,0.49467975318150054,29
FD004,3,203,4,0.94081399970965,29
FD004,3,203,5,0.9098442935208271,30
FD004,3,203,6,0.8427178156455759,29
FD004,3,203,7,0.9102546337574975,30
FD004,3,203,8,0.20767069337760088,29
FD004,3,203,9,0.3446094830105071,30
FD004,3,148,0,0.1948801960272812,16
FD004,3,148,1,0.21866758665833963,16
FD004,3,148,2,0.29275424253115556,16
FD004,3,148,3,1.5531274562671633,17
FD004,3,148,4,4.164039943529809,16
FD004,3,148,5,3.855871318351786,16
FD004,3,148,6,5.969966354132498,17
FD004,3,148,7,2.3518604407950514,16
FD004,3,148,8,1.5129747361239914,16
FD004,3,148,9,0.5193149156753465,17
FD004,3,22,0,0.478860145204141,18
FD004,3,22,1,0.8149699930642289,18
FD004,3,22,2,0.4521952994913909,18
FD004,3,22,3,0.27741134487710617,18
FD004,3,22,4,0.6970066086931659,18
FD004,3,22,5,0.6361474932653208,18
FD004,3,22,6,0.5849387167653035,18
FD004,3,22,7,0.5432779944658674,18
FD004,3,22,8,0.45391787233883885,18
FD004,3,22,9,0.18562178657464115,19
FD004,3,1,0,0.17502458821159758,29
FD004,3,1,1,0.18842941423072787,29
FD004,3,1,2,0.272320054286696,29
FD004,3,1,3,0.27977857849894133,29
FD004,3,1,4,0.20621495004188095,29
FD004,3,1,5,0.3546092085917305,29
FD004,3,1,6,1.4974841166990502,29
FD004,3,1,7,3.08579661829042,29
FD004,3,1,8,0.9237147583802872,29
FD004,3,1,9,0.23456170751891287,30
FD004,3,201,0,0.6138365624739284,34
FD004,3,201,1,0.5496663995779708,35
FD004,3,201,2,0.621286327456403,35
FD004,3,201,3,0.7235923105041728,35
FD004,3,201,4,0.8847404485978414,34
FD004,3,201,5,1.0010387296828827,35
FD004,3,201,6,1.1583708755242514,35
FD004,3,201,7,1.8028215130806111,35
FD004,3,201,8,1.6478907946871668,35
FD004,3,201,9,0.7398256515668796,35
FD004,3,185,0,0.1952482111107769,22
FD004,3,185,1,0.6505296949173671,23
FD004,3,185,2,0.34765378290793053,23
FD004,3,185,3,0.9231242353960669,23
FD004,3,185,4,1.3897795711534875,23
FD004,3,185,5,1.6816061608224881,23
FD004,3,185,6,2.406638049564835,23
FD004,3,185,7,3.0347034059621705,23
FD004,3,185,8,2.2092426115767014,23
FD004,3,185,9,0.489899749823309,23
FD004,3,132,0,0.25705742426505535,22
FD004,3,132,1,0.18071162162140042,22
FD004,3,132,2,0.1725155255257194,23
FD004,3,132,3,0.29533428920381655,22
FD004,3,132,4,0.17583925396874023,22
FD004,3,132,5,1.007654564960835,23
FD004,3,132,6,1.7355760528935944,22
FD004,3,132,7,1.948049003360685,23
FD004,3,132,8,0.4136162807032687,22
FD004,3,132,9,0.3837014792888154,23
FD004,3,153,0,0.645515384463546,13
FD004,3,153,1,1.0761254313248108,14
FD004,3,153,2,0.25457439230326157,14
FD004,3,153,3,0.810892516687447,14
FD004,3,153,4,0.33574877321503926,13
FD004,3,153,5,1.7044517839321616,14
FD004,3,153,6,1.1734152160043192,14
FD004,3,153,7,1.2517862476752692,14
FD004,3,153,8,0.5859227015067063,14
FD004,3,153,9,0.598175603195911,14
FD004,3,107,0,0.5403964595439714,15
FD004,3,107,1,0.724134037274986,15
FD004,3,107,2,0.6932485172159067,15
FD004,3,107,3,0.11887820259861293,16
FD004,3,107,4,0.9178333573218038,15
FD004,3,107,5,0.6359762421967475,15
FD004,3,107,6,0.6288908550210601,16
FD004,3,107,7,0.9637246072166135,15
FD004,3,107,8,0.5269344834352309,15
FD004,3,107,9,0.5346087882056267,16
FD004,4,132,0,0.510813209758825,22
FD004,4,132,1,0.2971878982516047,22
FD004,4,132,2,0.2588641043079838,23
FD004,4,132,3,0.3907587888777816,22
FD004,4,132,4,0.21171079880981414,22
FD004,4,132,5,0.5054038971942738,23
FD004,4,132,6,1.4406608052515777,22
FD004,4,132,7,1.7097565954651106,23
FD004,4,132,8,1.4753658006423191,22
FD004,4,132,9,0.8701698722659775,23
FD004,4,53,0,0.18170519612672134,27
FD004,4,53,1,0.47498832190349116,27
FD004,4,53,2,0.3964453527850855,28
FD004,4,53,3,0.2325806826619523,27
FD004,4,53,4,0.27075851768431936,27
FD004,4,53,5,0.5489579581848683,28
FD004,4,53,6,1.7387557951355364,27
FD004,4,53,7,1.2639390489870272,28
FD004,4,53,8,1.6579154414427018,27
FD004,4,53,9,0.8105224169319538,28
FD004,4,127,0,0.48220738283534204,20
FD004,4,127,1,0.4785562244944279,20
FD004,4,127,2,0.37834731475575745,21
FD004,4,127,3,0.4222580502620381,20
FD004,4,127,4,0.2309118316486031,21
FD004,4,127,5,1.4788244351069137,21
FD004,4,127,6,1.7408826611564263,20
FD004,4,127,7,1.437570818247255,20
FD004,4,127,8,1.1127633691515297,21
FD004,4,127,9,0.8682199132198677,21
FD004,4,39,0,0.48075274272378954,17
FD004,4,39,1,0.3087680399555193,17
FD004,4,39,2,0.5381380123205657,17
FD004,4,39,3,0.39199357815553754,17
FD004,4,39,4,1.2247184850079713,17
FD004,4,39,5,1.9468761166147068,18
FD004,4,39,6,3.145948929208443,17
FD004,4,39,7,1.9605394776296616,17
FD004,4,39,8,1.475101998712975,17
FD004,4,39,9,1.1125591058416489,18
FD004,4,45,0,0.7768978357837417,14
FD004,4,45,1,1.009907279608231,15
FD004,4,45,2,0.4642714529317998,15
FD004,4,45,3,0.06530405092433247,14
FD004,4,45,4,0.645871373078319,15
FD004,4,45,5,0.9801883266108773,15
FD004,4,45,6,0.6450404083510708,14
FD004,4,45,7,0.9277584732738505,15
FD004,4,45,8,0.603693700240949,15
FD004,4,45,9,0.5303789886600441,15
FD004,4,179,0,0.5393608722922827,40
FD004,4,179,1,0.6657591683847319,40
FD004,4,179,2,0.7669902256896756,41
FD004,4,179,3,1.31338597677256,40
FD004,4,179,4,3.1224987570958525,41
FD004,4,179,5,0.7852997945955871,41
FD004,4,179,6,0.48569942156810153,40
FD004,4,179,7,0.7472758258016285,40
FD004,4,179,8,0.6222402710243371,41
FD004,4,179,9,0.48549655710805933,41
FD004,4,165,0,0.8398084965900503,22
FD004,4,165,1,0.840036187797165,22
FD004,4,165,2,0.8077161291530599,23
FD004,4,165,3,0.8220169775281445,22
FD004,4,165,4,0.7704284328203312,23
FD004,4,165,5,0.3579222626155033,23
FD004,4,165,6,0.49016231295996354,22
FD004,4,165,7,0.7119688159555276,22
FD004,4,165,8,0.5255369182266029,23
FD004,4,165,9,0.7562986956673564,23
FD004,4,244,0,0.7400273390447576,23
FD004,4,244,1,1.040071247778892,24
FD004,4,244,2,1.0133335410616222,24
FD004,4,244,3,0.9866300258500303,23
FD004,4,244,4,1.2751429579535563,24
FD004,4,244,5,0.792348250623729,24
FD004,4,244,6,0.6236074444489715,23
FD004,4,244,7,0.21939345497374624,24
FD004,4,244,8,0.10048308949423898,24
FD004,4,244,9,0.4499673703935374,24
FD004,4,58,0,0.35569033807113415,25
FD004,4,58,1,0.5420852169891165,25
FD004,4,58,2,0.39292738119279524,25
FD004,4,58,3,0.4395960088733445,25
FD004,4,58,4,0.6146693674245157,25
FD004,4,58,5,0.36770275627778864,25
FD004,4,58,6,0.8306589310895285,25
FD004,4,58,7,1.2741423982930495,25
FD004,4,58,8,1.1047760883938156,25
FD004,4,58,9,1.0597706523458248,26
FD004,4,247,0,0.18738677392044256,18
FD004,4,247,1,0.4380741872818809,18
FD004,4,247,2,0.2203284116399324,18
FD004,4,247,3,0.6369401851633767,18
FD004,4,247,4,2.82713835732761,18
FD004,4,247,5,3.2346367446498863,18
FD004,4,247,6,4.7893464713214104,18
FD004,4,247,7,1.8377449544623379,18
FD004,4,247,8,2.217901038858672,18
FD004,4,247,9,1.2353998979773957,19
FD004,4,56,0,0.888578370126772,31
FD004,4,56,1,1.0100506890052474,32
FD004,4,56,2,1.1298937209988682,32
FD004,4,56,3,1.0179920869995365,31
FD004,4,56,4,1.354784395714291,32
FD004,4,56,5,1.5805590949454777,32
FD004,4,56,6,1.2688036555820088,31
FD004,4,56,7,1.0211632024730155,32
FD004,4,56,8,0.5641174136826866,32
FD004,4,56,9,0.27000223485812447,32
FD004,4,95,0,0.4204408690698733,20
FD004,4,95,1,0.47107566746191465,21
FD004,4,95,2,0.5245804795073375,21
FD004,4,95,3,0.5353098942692713,21
FD004,4,95,4,0.44471156327675054,21
FD004,4,95,5,0.9667453699420069,21
FD004,4,95,6,1.293040832772054,21
FD004,4,95,7,1.1521904476988811,21
FD004,4,95,8,1.8502647137365262,21
FD004,4,95,9,0.8606926724270877,21
FD004,4,110,0,0.5557624633027899,15
FD004,4,110,1,1.184356082323974,16
FD004,4,110,2,0.10751353257319526,15
FD004,4,110,3,0.4180279344930613,16
FD004,4,110,4,0.8104525776789189,15
FD004,4,110,5,0.7767678432944469,16
FD004,4,110,6,1.4338592529723724,16
FD004,4,110,7,1.7857660836572387,15
FD004,4,110,8,1.4100372868966318,16
FD004,4,110,9,0.8435196526574598,16
FD004,4,104,0,0.2928672447642981,17
FD004,4,104,1,0.19466353837224598,17
FD004,4,104,2,0.3662278364490273,17
FD004,4,104,3,0.7061096115630621,18
FD004,4,104,4,2.3125701310434112,17
FD004,4,104,5,1.9102743865549265,17
FD004,4,104,6,2.338693355221233,18
FD004,4,104,7,2.0231355101665156,17
FD004,4,104,8,1.8887709438779667,17
FD004,4,104,9,0.8958666995500011,18
FD004,4,59,0,1.4868940749755897,14
FD004,4,59,1,1.150120703790741,15
FD004,4,59,2,0.1847806021816607,15
FD004,4,59,3,0.19204030189287874,14
FD004,4,59,4,1.0222772722053544,15
FD004,4,59,5,1.471717631935741,15
FD004,4,59,6,1.3278945590244682,14
FD004,4,59,7,1.8383825550348616,15
FD004,4,59,8,1.0418499153072331,15
FD004,4,59,9,0.8805643826877985,15
FD004,4,138,0,0.8670966422173148,14
FD004,4,138,1,1.001854878330311,15
FD004,4,138,2,0.8702727320059771,15
FD004,4,138,3,0.11340149771195374,15
FD004,4,138,4,0.45080514005044536,14
FD004,4,138,5,0.6242817596467933,15
FD004,4,138,6,0.7318176437091661,15
FD004,4,138,7,1.7336362262544411,15
FD004,4,138,8,0.8482253526939346,15
FD004,4,138,9,0.7677094104879139,15
FD004,4,51,0,0.5569397745439698,25
FD004,4,51,1,0.5579605916800913,25
FD004,4,51,2,0.6784480822765178,26
FD004,4,51,3,0.6715679470620933,25
FD004,4,51,4,0.7398714293210626,26
FD004,4,51,5,0.30775771420943976,26
FD004,4,51,6,0.33855558561647014,25
FD004,4,51,7,0.7363045217508323,25
FD004,4,51,8,1.3471329773028455,26
FD004,4,51,9,0.7981008164521418,26
FD004,4,201,0,0.8772143696237398,34
FD004,4,201,1,0.801858132361228,35
FD004,4,201,2,0.8277225561164105,35
FD004,4,201,3,0.990593244393803,35
FD004,4,201,4,1.007233892751362,34
FD004,4,201,5,1.0873892063043484,35
FD004,4,201,6,1.1006726579272494,35
FD004,4,201,7,1.2833961361000228,35
FD004,4,201,8,0.7883930703890049,35
FD004,4,201,9,0.45827906575635324,35
FD004,4,88,0,0.3106671045368639,35
FD004,4,88,1,0.2739434625736723,36
FD004,4,88,2,0.24334233866686683,36
FD004,4,88,3,0.2782251211705694,36
FD004,4,88,4,0.3125733293402132,35
FD004,4,88,5,0.34031987971426425,36
FD004,4,88,6,0.41437873414911,36
FD004,4,88,7,0.3801810238211567,36
FD004,4,88,8,1.0323430985521702,36
FD004,4,88,9,0.65542584663793,36
FD004,4,105,0,0.966378115835764,13
FD004,4,105,1,0.45038993336146255,14
FD004,4,105,2,0.4758564933448984,15
FD004,4,105,3,1.01247140451401,13
FD004,4,105,4,1.06669385845387,14
FD004,4,105,5,1.3167944410428625,15
FD004,4,105,6,1.6138195036252383,14
FD004,4,105,7,1.50145582613261,13
FD004,4,105,8,1.6604714662554425,14
FD004,4,105,9,1.099980885489574,15
FD004,4,130,0,0.7013944992780474,13
FD004,4,130,1,0.5433816488480372,14
FD004,4,130,2,1.0336195687302898,13
FD004,4,130,3,0.5479715340208687,14
FD004,4,130,4,1.2172187936947705,13
FD004,4,130,5,1.5127688674171562,14
FD004,4,130,6,1.4300989121861423,14
FD004,4,130,7,1.8474361571456535,13
FD004,4,130,8,2.004129587798728,14
FD004,4,130,9,0.9371123894360451,14
FD004,4,198,0,0.8263168966673826,13
FD004,4,198,1,0.26677004381819047,13
FD004,4,198,2,0.36409543708051856,14
FD004,4,198,3,0.5724257426149157,13
FD004,4,198,4,1.0469449323356372,13
FD004,4,198,5,1.3446373486039382,14
FD004,4,198,6,0.8449174676197292,13
FD004,4,198,7,1.182259683558652,14
FD004,4,198,8,0.6206892080796047,13
FD004,4,198,9,0.7989260021047229,14
FD004,4,184,0,0.6282111968880438,34
FD004,4,184,1,0.7088194984655998,35
FD004,4,184,2,0.8508729610015173,35
FD004,4,184,3,0.7195957722344793,35
FD004,4,184,4,1.3860367341947273,35
FD004,4,184,5,1.5714084117958134,35
FD004,4,184,6,1.6601327702588844,35
FD004,4,184,7,2.662190043816948,35
FD004,4,184,8,1.85612104601417,35
FD004,4,184,9,0.7185367470737548,35
FD004,4,175,0,0.5960417017292564,12
FD004,4,175,1,0.46750043996736995,13
FD004,4,175,2,0.18560280138134608,12
FD004,4,175,3,0.5549948750183843,13
FD004,4,175,4,0.42829255604112715,12
FD004,4,175,5,1.208212217500698,13
FD004,4,175,6,0.5134541167792872,13
FD004,4,175,7,0.8003262267996937,12
FD004,4,175,8,1.041671422427372,13
FD004,4,175,9,0.7949782503619832,13
FD004,4,123,0,0.8870027944300525,19
FD004,4,123,1,0.7065512052933213,20
FD004,4,123,2,1.0527216752743986,19
FD004,4,123,3,0.9234443616743329,20
FD004,4,123,4,0.409509506090274,19
FD004,4,123,5,0.41109574639856916,20
FD004,4,123,6,0.15074415994437157,20
FD004,4,123,7,0.19896123764853063,19
FD004,4,123,8,0.10223468628042331,20
FD004,4,123,9,0.29954799437761337,20
